{
    "url": "https://ccdb.esss.lu.se", 
    "utc-timestamp": "20220812144128", 
    "version": "1.0", 
    "devices": {
        "TS2-010CRM:WtrC-PLC-001": {
            "slotType": "SLOT", 
            "name": "TS2-010CRM:WtrC-PLC-001", 
            "artifacts": null, 
            "nameId": "fa835d9e-8045-4644-b265-afce36cc23cf", 
            "children": null, 
            "controlledBy": [
                {
                    "nameId": "74019e94-063b-4de7-b31f-ad92e7d63a8f", 
                    "id": "264957", 
                    "name": "TS2-010CRM:SC-IOC-920", 
                    "label": null
                }
            ], 
            "controls": [
                {
                    "nameId": "48f383b8-265c-40b3-b4c7-1808a26d2d76", 
                    "id": "256675", 
                    "name": "TS2-010CRM:WtrC-FIS-101", 
                    "label": null
                }, 
                {
                    "nameId": "861d9b56-c9f7-43d4-b34a-84b6ad06401e", 
                    "id": "256679", 
                    "name": "TS2-010CRM:WtrC-FIS-102", 
                    "label": null
                }, 
                {
                    "nameId": "118d1c7c-5241-4273-97be-22416f26aba4", 
                    "id": "256709", 
                    "name": "TS2-010CRM:WtrC-PT-101", 
                    "label": null
                }, 
                {
                    "nameId": "a01d44fb-37dd-4e57-9c7b-44ccd268b8c0", 
                    "id": "256714", 
                    "name": "TS2-010CRM:WtrC-PT-102", 
                    "label": null
                }, 
                {
                    "nameId": "a7fcacde-6ba7-4f4c-84b9-d1292ec30a87", 
                    "id": "256720", 
                    "name": "TS2-010CRM:WtrC-FIS-104", 
                    "label": null
                }, 
                {
                    "nameId": "4ad8bc01-b2dd-42ae-b379-c266d410a741", 
                    "id": "256731", 
                    "name": "TS2-010CRM:WtrC-YCV-101", 
                    "label": null
                }, 
                {
                    "nameId": "f6456af8-45bf-4e6b-a9a0-9ddae38aca82", 
                    "id": "256736", 
                    "name": "TS2-010CRM:WtrC-YCV-102", 
                    "label": null
                }, 
                {
                    "nameId": "824b3a92-f5b2-4ac3-964f-5c94b20c3a9f", 
                    "id": "256741", 
                    "name": "TS2-010CRM:WtrC-YCV-103", 
                    "label": null
                }, 
                {
                    "nameId": "ca9036a0-111a-4211-b8dd-c51111fefc6d", 
                    "id": "256746", 
                    "name": "TS2-010CRM:WtrC-YCV-104", 
                    "label": null
                }, 
                {
                    "nameId": "0295b895-a3b2-493e-bf15-e6c947bdec96", 
                    "id": "256751", 
                    "name": "TS2-010CRM:WtrC-YSV-109", 
                    "label": null
                }, 
                {
                    "nameId": "61609179-5912-4b2f-bca5-057693c8caa0", 
                    "id": "257385", 
                    "name": "TS2-010CRM:WtrC-YSV-110", 
                    "label": null
                }, 
                {
                    "nameId": "ac5a62f0-c77a-46c6-bce0-c10da2e32b59", 
                    "id": "257408", 
                    "name": "TS2-010CRM:WtrC-YSV-111", 
                    "label": null
                }, 
                {
                    "nameId": "38cc64b7-1fd4-44f7-acff-9d09b72acc1f", 
                    "id": "257395", 
                    "name": "TS2-010CRM:WtrC-YSV-112", 
                    "label": null
                }, 
                {
                    "nameId": "97ce6160-6bb0-4cfb-b342-16797b56687f", 
                    "id": "257403", 
                    "name": "TS2-010CRM:WtrC-YSV-113", 
                    "label": null
                }, 
                {
                    "nameId": "b6b57758-e307-4a1e-9a98-b4dd94978e68", 
                    "id": "257576", 
                    "name": "TS2-010CRM:WtrC-FIS-103", 
                    "label": null
                }, 
                {
                    "nameId": "c1b6cf07-0643-41c1-bfe1-65db8d58bd6e", 
                    "id": "257488", 
                    "name": "TS2-010CRM:WtrC-TE-104", 
                    "label": null
                }, 
                {
                    "nameId": "2cb3dc7d-1d63-4ba9-895e-89af2a7891c4", 
                    "id": "257483", 
                    "name": "TS2-010CRM:WtrC-TE-103", 
                    "label": null
                }, 
                {
                    "nameId": "5b2cc361-c8b0-4e3c-b244-7e61cff04741", 
                    "id": "257478", 
                    "name": "TS2-010CRM:WtrC-TE-102", 
                    "label": null
                }, 
                {
                    "nameId": "409da5dd-8bcb-4b72-94d0-56713f22054f", 
                    "id": "257464", 
                    "name": "TS2-010CRM:WtrC-TE-101", 
                    "label": null
                }, 
                {
                    "nameId": "65561cf2-890a-4a87-bc9d-7ed7bd1a3d09", 
                    "id": "272454", 
                    "name": "TS2-010CRM:WtrC-Virt-100", 
                    "label": null
                }
            ], 
            "id": "264796", 
            "parents": [
                {
                    "nameId": "ef6df559-a1ba-40d3-bd91-ab4c59d0ac52", 
                    "id": "37713", 
                    "name": "TS2-020Row:CnPw-U-007", 
                    "label": null
                }
            ], 
            "poweredBy": null, 
            "deviceType": "PLC", 
            "powers": null, 
            "properties": [
                {
                    "dataType": "Integer", 
                    "value": "254", 
                    "kind": "SLOT", 
                    "name": "PLCF#PLC-EPICS-COMMS: DiagConnectionID", 
                    "unit": null
                }, 
                {
                    "dataType": "Integer", 
                    "value": "2001", 
                    "kind": "SLOT", 
                    "name": "PLCF#PLC-EPICS-COMMS: DiagPort", 
                    "unit": null
                }, 
                {
                    "dataType": "Strings List", 
                    "value": "null", 
                    "kind": "SLOT", 
                    "name": "EPICSModule", 
                    "unit": null
                }, 
                {
                    "dataType": "Strings List", 
                    "value": "null", 
                    "kind": "SLOT", 
                    "name": "EPICSSnippet", 
                    "unit": null
                }, 
                {
                    "dataType": "Endianness", 
                    "value": "BigEndian", 
                    "kind": "SLOT", 
                    "name": "PLCF#PLC-EPICS-COMMS:Endianness", 
                    "unit": null
                }, 
                {
                    "dataType": "Integer", 
                    "value": "60", 
                    "kind": "SLOT", 
                    "name": "PLCF#PLC-DIAG:Max-Modules-In-IO-Device", 
                    "unit": null
                }, 
                {
                    "dataType": "Integer", 
                    "value": "20", 
                    "kind": "SLOT", 
                    "name": "PLCF#PLC-DIAG:Max-IO-Devices", 
                    "unit": null
                }, 
                {
                    "dataType": "Integer", 
                    "value": "0", 
                    "kind": "SLOT", 
                    "name": "PLCF#EPICSToPLCDataBlockStartOffset", 
                    "unit": null
                }, 
                {
                    "dataType": "Integer", 
                    "value": "0", 
                    "kind": "SLOT", 
                    "name": "PLCF#PLCToEPICSDataBlockStartOffset", 
                    "unit": null
                }, 
                {
                    "dataType": "Integer", 
                    "value": "255", 
                    "kind": "SLOT", 
                    "name": "PLCF#PLC-EPICS-COMMS: MBConnectionID", 
                    "unit": null
                }, 
                {
                    "dataType": "Integer", 
                    "value": "502", 
                    "kind": "SLOT", 
                    "name": "PLCF#PLC-EPICS-COMMS: MBPort", 
                    "unit": null
                }, 
                {
                    "dataType": "CSEntryHost", 
                    "value": "ics-ts2wtrc-plc-01.tn.esss.lu.se", 
                    "kind": "SLOT", 
                    "name": "Hostname", 
                    "unit": null
                }, 
                {
                    "dataType": "Integer", 
                    "value": "256", 
                    "kind": "SLOT", 
                    "name": "PLCF#PLC-EPICS-COMMS: S7ConnectionID", 
                    "unit": null
                }, 
                {
                    "dataType": "Integer", 
                    "value": "2000", 
                    "kind": "SLOT", 
                    "name": "PLCF#PLC-EPICS-COMMS: S7Port", 
                    "unit": null
                }, 
                {
                    "dataType": "PLCPulse", 
                    "value": "Pulse_200ms", 
                    "kind": "SLOT", 
                    "name": "PLCF#PLC-EPICS-COMMS: PLCPulse", 
                    "unit": null
                }, 
                {
                    "dataType": "Integer", 
                    "value": "60", 
                    "kind": "SLOT", 
                    "name": "PLCF#PLC-DIAG:Max-Local-Modules", 
                    "unit": null
                }, 
                {
                    "dataType": "String", 
                    "value": "null", 
                    "kind": "SLOT", 
                    "name": "PLC-EPICS-COMMS: GatewayDatablock", 
                    "unit": null
                }, 
                {
                    "dataType": "String", 
                    "value": "72", 
                    "kind": "SLOT", 
                    "name": "PLCF#PLC-EPICS-COMMS: InterfaceID", 
                    "unit": null
                }
            ], 
            "description": "PLC for waterfhlush/ test"
        }, 
        "TS2-010CRM:WtrC-FIS-101": {
            "slotType": "SLOT", 
            "name": "TS2-010CRM:WtrC-FIS-101", 
            "artifacts": [
                {
                    "kind": "TYPE", 
                    "description": "ICS Flow Switch", 
                    "uri": "https://gitlab.esss.lu.se/icshwi/ics_library_definitions", 
                    "type": "URI", 
                    "id": null, 
                    "name": "EPI"
                }
            ], 
            "nameId": "48f383b8-265c-40b3-b4c7-1808a26d2d76", 
            "children": null, 
            "controlledBy": [
                {
                    "nameId": "fa835d9e-8045-4644-b265-afce36cc23cf", 
                    "id": "264796", 
                    "name": "TS2-010CRM:WtrC-PLC-001", 
                    "label": null
                }
            ], 
            "controls": null, 
            "id": "256675", 
            "parents": [
                {
                    "nameId": null, 
                    "id": "256662", 
                    "name": "Water Cooling", 
                    "label": null
                }
            ], 
            "poweredBy": null, 
            "deviceType": "ICS_FIS", 
            "powers": null, 
            "properties": [], 
            "description": "Flow switch cooling outlet"
        }, 
        "TS2-010CRM:WtrC-FIS-103": {
            "slotType": "SLOT", 
            "name": "TS2-010CRM:WtrC-FIS-103", 
            "artifacts": [
                {
                    "kind": "TYPE", 
                    "description": "ICS Flow Switch", 
                    "uri": "https://gitlab.esss.lu.se/icshwi/ics_library_definitions", 
                    "type": "URI", 
                    "id": null, 
                    "name": "EPI"
                }
            ], 
            "nameId": "b6b57758-e307-4a1e-9a98-b4dd94978e68", 
            "children": null, 
            "controlledBy": [
                {
                    "nameId": "fa835d9e-8045-4644-b265-afce36cc23cf", 
                    "id": "264796", 
                    "name": "TS2-010CRM:WtrC-PLC-001", 
                    "label": null
                }
            ], 
            "controls": null, 
            "id": "257576", 
            "parents": [
                {
                    "nameId": null, 
                    "id": "256662", 
                    "name": "Water Cooling", 
                    "label": null
                }
            ], 
            "poweredBy": null, 
            "deviceType": "ICS_FIS", 
            "powers": null, 
            "properties": [], 
            "description": "Flow switch cooling outlet"
        }, 
        "TS2-010CRM:WtrC-TE-104": {
            "slotType": "SLOT", 
            "name": "TS2-010CRM:WtrC-TE-104", 
            "artifacts": [
                {
                    "kind": "TYPE", 
                    "description": "ICS Temperaure Sensor", 
                    "uri": "https://gitlab.esss.lu.se/icshwi/ics_library_definitions", 
                    "type": "URI", 
                    "id": null, 
                    "name": "EPI"
                }
            ], 
            "nameId": "c1b6cf07-0643-41c1-bfe1-65db8d58bd6e", 
            "children": null, 
            "controlledBy": [
                {
                    "nameId": "fa835d9e-8045-4644-b265-afce36cc23cf", 
                    "id": "264796", 
                    "name": "TS2-010CRM:WtrC-PLC-001", 
                    "label": null
                }
            ], 
            "controls": null, 
            "id": "257488", 
            "parents": [
                {
                    "nameId": null, 
                    "id": "256662", 
                    "name": "Water Cooling", 
                    "label": null
                }
            ], 
            "poweredBy": null, 
            "deviceType": "ICS_TT", 
            "powers": null, 
            "properties": [
                {
                    "dataType": "String", 
                    "value": "C", 
                    "kind": "SLOT", 
                    "name": "EGU", 
                    "unit": null
                }
            ], 
            "description": "PT100 for Water-Flush outlet"
        }, 
        "TS2-010CRM:WtrC-TE-103": {
            "slotType": "SLOT", 
            "name": "TS2-010CRM:WtrC-TE-103", 
            "artifacts": [
                {
                    "kind": "TYPE", 
                    "description": "ICS Temperaure Sensor", 
                    "uri": "https://gitlab.esss.lu.se/icshwi/ics_library_definitions", 
                    "type": "URI", 
                    "id": null, 
                    "name": "EPI"
                }
            ], 
            "nameId": "2cb3dc7d-1d63-4ba9-895e-89af2a7891c4", 
            "children": null, 
            "controlledBy": [
                {
                    "nameId": "fa835d9e-8045-4644-b265-afce36cc23cf", 
                    "id": "264796", 
                    "name": "TS2-010CRM:WtrC-PLC-001", 
                    "label": null
                }
            ], 
            "controls": null, 
            "id": "257483", 
            "parents": [
                {
                    "nameId": null, 
                    "id": "256662", 
                    "name": "Water Cooling", 
                    "label": null
                }
            ], 
            "poweredBy": null, 
            "deviceType": "ICS_TT", 
            "powers": null, 
            "properties": [
                {
                    "dataType": "String", 
                    "value": "C", 
                    "kind": "SLOT", 
                    "name": "EGU", 
                    "unit": null
                }
            ], 
            "description": "PT100 for Water-Flush outlet"
        }, 
        "TS2-010CRM:WtrC-TE-102": {
            "slotType": "SLOT", 
            "name": "TS2-010CRM:WtrC-TE-102", 
            "artifacts": [
                {
                    "kind": "TYPE", 
                    "description": "ICS Temperaure Sensor", 
                    "uri": "https://gitlab.esss.lu.se/icshwi/ics_library_definitions", 
                    "type": "URI", 
                    "id": null, 
                    "name": "EPI"
                }
            ], 
            "nameId": "5b2cc361-c8b0-4e3c-b244-7e61cff04741", 
            "children": null, 
            "controlledBy": [
                {
                    "nameId": "fa835d9e-8045-4644-b265-afce36cc23cf", 
                    "id": "264796", 
                    "name": "TS2-010CRM:WtrC-PLC-001", 
                    "label": null
                }
            ], 
            "controls": null, 
            "id": "257478", 
            "parents": [
                {
                    "nameId": null, 
                    "id": "256662", 
                    "name": "Water Cooling", 
                    "label": null
                }
            ], 
            "poweredBy": null, 
            "deviceType": "ICS_TT", 
            "powers": null, 
            "properties": [
                {
                    "dataType": "String", 
                    "value": "C", 
                    "kind": "SLOT", 
                    "name": "EGU", 
                    "unit": null
                }
            ], 
            "description": "PT100 for Water-Flush outlet"
        }, 
        "TS2-010CRM:WtrC-TE-101": {
            "slotType": "SLOT", 
            "name": "TS2-010CRM:WtrC-TE-101", 
            "artifacts": [
                {
                    "kind": "TYPE", 
                    "description": "ICS Temperaure Sensor", 
                    "uri": "https://gitlab.esss.lu.se/icshwi/ics_library_definitions", 
                    "type": "URI", 
                    "id": null, 
                    "name": "EPI"
                }
            ], 
            "nameId": "409da5dd-8bcb-4b72-94d0-56713f22054f", 
            "children": null, 
            "controlledBy": [
                {
                    "nameId": "fa835d9e-8045-4644-b265-afce36cc23cf", 
                    "id": "264796", 
                    "name": "TS2-010CRM:WtrC-PLC-001", 
                    "label": null
                }
            ], 
            "controls": null, 
            "id": "257464", 
            "parents": [
                {
                    "nameId": null, 
                    "id": "256662", 
                    "name": "Water Cooling", 
                    "label": null
                }
            ], 
            "poweredBy": null, 
            "deviceType": "ICS_TT", 
            "powers": null, 
            "properties": [
                {
                    "dataType": "String", 
                    "value": "C", 
                    "kind": "SLOT", 
                    "name": "EGU", 
                    "unit": null
                }
            ], 
            "description": "PT100 for Water-Flush outlet"
        }, 
        "TS2-010CRM:WtrC-YSV-112": {
            "slotType": "SLOT", 
            "name": "TS2-010CRM:WtrC-YSV-112", 
            "artifacts": [
                {
                    "kind": "TYPE", 
                    "description": "ICS Remote On/Off Valve", 
                    "uri": "https://gitlab.esss.lu.se/icshwi/ics_library_definitions", 
                    "type": "URI", 
                    "id": null, 
                    "name": "EPI"
                }
            ], 
            "nameId": "38cc64b7-1fd4-44f7-acff-9d09b72acc1f", 
            "children": null, 
            "controlledBy": [
                {
                    "nameId": "fa835d9e-8045-4644-b265-afce36cc23cf", 
                    "id": "264796", 
                    "name": "TS2-010CRM:WtrC-PLC-001", 
                    "label": null
                }
            ], 
            "controls": null, 
            "id": "257395", 
            "parents": [
                {
                    "nameId": null, 
                    "id": "256662", 
                    "name": "Water Cooling", 
                    "label": null
                }
            ], 
            "poweredBy": null, 
            "deviceType": "ICS_PV", 
            "powers": null, 
            "properties": [], 
            "description": "shut-off-valve air supply"
        }, 
        "TS2-010CRM:WtrC-YSV-113": {
            "slotType": "SLOT", 
            "name": "TS2-010CRM:WtrC-YSV-113", 
            "artifacts": [
                {
                    "kind": "TYPE", 
                    "description": "ICS Remote On/Off Valve", 
                    "uri": "https://gitlab.esss.lu.se/icshwi/ics_library_definitions", 
                    "type": "URI", 
                    "id": null, 
                    "name": "EPI"
                }
            ], 
            "nameId": "97ce6160-6bb0-4cfb-b342-16797b56687f", 
            "children": null, 
            "controlledBy": [
                {
                    "nameId": "fa835d9e-8045-4644-b265-afce36cc23cf", 
                    "id": "264796", 
                    "name": "TS2-010CRM:WtrC-PLC-001", 
                    "label": null
                }
            ], 
            "controls": null, 
            "id": "257403", 
            "parents": [
                {
                    "nameId": null, 
                    "id": "256662", 
                    "name": "Water Cooling", 
                    "label": null
                }
            ], 
            "poweredBy": null, 
            "deviceType": "ICS_PV", 
            "powers": null, 
            "properties": [], 
            "description": "shut-off-valve air inlet control"
        }, 
        "TS2-010CRM:WtrC-YCV-101": {
            "slotType": "SLOT", 
            "name": "TS2-010CRM:WtrC-YCV-101", 
            "artifacts": [
                {
                    "kind": "TYPE", 
                    "description": "ICS Remote On/Off Valve", 
                    "uri": "https://gitlab.esss.lu.se/icshwi/ics_library_definitions", 
                    "type": "URI", 
                    "id": null, 
                    "name": "EPI"
                }
            ], 
            "nameId": "4ad8bc01-b2dd-42ae-b379-c266d410a741", 
            "children": null, 
            "controlledBy": [
                {
                    "nameId": "fa835d9e-8045-4644-b265-afce36cc23cf", 
                    "id": "264796", 
                    "name": "TS2-010CRM:WtrC-PLC-001", 
                    "label": null
                }
            ], 
            "controls": null, 
            "id": "256731", 
            "parents": [
                {
                    "nameId": null, 
                    "id": "256662", 
                    "name": "Water Cooling", 
                    "label": null
                }
            ], 
            "poweredBy": null, 
            "deviceType": "ICS_PV", 
            "powers": null, 
            "properties": [], 
            "description": "Flow switch cooling outlet"
        }, 
        "TS2-010CRM:WtrC-YCV-102": {
            "slotType": "SLOT", 
            "name": "TS2-010CRM:WtrC-YCV-102", 
            "artifacts": [
                {
                    "kind": "TYPE", 
                    "description": "ICS Remote On/Off Valve", 
                    "uri": "https://gitlab.esss.lu.se/icshwi/ics_library_definitions", 
                    "type": "URI", 
                    "id": null, 
                    "name": "EPI"
                }
            ], 
            "nameId": "f6456af8-45bf-4e6b-a9a0-9ddae38aca82", 
            "children": null, 
            "controlledBy": [
                {
                    "nameId": "fa835d9e-8045-4644-b265-afce36cc23cf", 
                    "id": "264796", 
                    "name": "TS2-010CRM:WtrC-PLC-001", 
                    "label": null
                }
            ], 
            "controls": null, 
            "id": "256736", 
            "parents": [
                {
                    "nameId": null, 
                    "id": "256662", 
                    "name": "Water Cooling", 
                    "label": null
                }
            ], 
            "poweredBy": null, 
            "deviceType": "ICS_PV", 
            "powers": null, 
            "properties": [], 
            "description": "Flow switch cooling outlet"
        }, 
        "TS2-010CRM:WtrC-YCV-103": {
            "slotType": "SLOT", 
            "name": "TS2-010CRM:WtrC-YCV-103", 
            "artifacts": [
                {
                    "kind": "TYPE", 
                    "description": "ICS Remote On/Off Valve", 
                    "uri": "https://gitlab.esss.lu.se/icshwi/ics_library_definitions", 
                    "type": "URI", 
                    "id": null, 
                    "name": "EPI"
                }
            ], 
            "nameId": "824b3a92-f5b2-4ac3-964f-5c94b20c3a9f", 
            "children": null, 
            "controlledBy": [
                {
                    "nameId": "fa835d9e-8045-4644-b265-afce36cc23cf", 
                    "id": "264796", 
                    "name": "TS2-010CRM:WtrC-PLC-001", 
                    "label": null
                }
            ], 
            "controls": null, 
            "id": "256741", 
            "parents": [
                {
                    "nameId": null, 
                    "id": "256662", 
                    "name": "Water Cooling", 
                    "label": null
                }
            ], 
            "poweredBy": null, 
            "deviceType": "ICS_PV", 
            "powers": null, 
            "properties": [], 
            "description": "Flow switch cooling outlet"
        }, 
        "TS2-010CRM:WtrC-YCV-104": {
            "slotType": "SLOT", 
            "name": "TS2-010CRM:WtrC-YCV-104", 
            "artifacts": [
                {
                    "kind": "TYPE", 
                    "description": "ICS Remote On/Off Valve", 
                    "uri": "https://gitlab.esss.lu.se/icshwi/ics_library_definitions", 
                    "type": "URI", 
                    "id": null, 
                    "name": "EPI"
                }
            ], 
            "nameId": "ca9036a0-111a-4211-b8dd-c51111fefc6d", 
            "children": null, 
            "controlledBy": [
                {
                    "nameId": "fa835d9e-8045-4644-b265-afce36cc23cf", 
                    "id": "264796", 
                    "name": "TS2-010CRM:WtrC-PLC-001", 
                    "label": null
                }
            ], 
            "controls": null, 
            "id": "256746", 
            "parents": [
                {
                    "nameId": null, 
                    "id": "256662", 
                    "name": "Water Cooling", 
                    "label": null
                }
            ], 
            "poweredBy": null, 
            "deviceType": "ICS_PV", 
            "powers": null, 
            "properties": [], 
            "description": "Flow switch cooling outlet"
        }, 
        "TS2-010CRM:WtrC-YSV-109": {
            "slotType": "SLOT", 
            "name": "TS2-010CRM:WtrC-YSV-109", 
            "artifacts": [
                {
                    "kind": "TYPE", 
                    "description": "ICS Remote On/Off Valve", 
                    "uri": "https://gitlab.esss.lu.se/icshwi/ics_library_definitions", 
                    "type": "URI", 
                    "id": null, 
                    "name": "EPI"
                }
            ], 
            "nameId": "0295b895-a3b2-493e-bf15-e6c947bdec96", 
            "children": null, 
            "controlledBy": [
                {
                    "nameId": "fa835d9e-8045-4644-b265-afce36cc23cf", 
                    "id": "264796", 
                    "name": "TS2-010CRM:WtrC-PLC-001", 
                    "label": null
                }
            ], 
            "controls": null, 
            "id": "256751", 
            "parents": [
                {
                    "nameId": null, 
                    "id": "256662", 
                    "name": "Water Cooling", 
                    "label": null
                }
            ], 
            "poweredBy": null, 
            "deviceType": "ICS_PV", 
            "powers": null, 
            "properties": [], 
            "description": "Flow switch cooling outlet"
        }, 
        "TS2-010CRM:WtrC-YSV-110": {
            "slotType": "SLOT", 
            "name": "TS2-010CRM:WtrC-YSV-110", 
            "artifacts": [
                {
                    "kind": "TYPE", 
                    "description": "ICS Remote On/Off Valve", 
                    "uri": "https://gitlab.esss.lu.se/icshwi/ics_library_definitions", 
                    "type": "URI", 
                    "id": null, 
                    "name": "EPI"
                }
            ], 
            "nameId": "61609179-5912-4b2f-bca5-057693c8caa0", 
            "children": null, 
            "controlledBy": [
                {
                    "nameId": "fa835d9e-8045-4644-b265-afce36cc23cf", 
                    "id": "264796", 
                    "name": "TS2-010CRM:WtrC-PLC-001", 
                    "label": null
                }
            ], 
            "controls": null, 
            "id": "257385", 
            "parents": [
                {
                    "nameId": null, 
                    "id": "256662", 
                    "name": "Water Cooling", 
                    "label": null
                }
            ], 
            "poweredBy": null, 
            "deviceType": "ICS_PV", 
            "powers": null, 
            "properties": [], 
            "description": "shut-off-valve water outlet\r\n"
        }, 
        "TS2-010CRM:WtrC-YSV-111": {
            "slotType": "SLOT", 
            "name": "TS2-010CRM:WtrC-YSV-111", 
            "artifacts": [
                {
                    "kind": "TYPE", 
                    "description": "ICS Remote On/Off Valve", 
                    "uri": "https://gitlab.esss.lu.se/icshwi/ics_library_definitions", 
                    "type": "URI", 
                    "id": null, 
                    "name": "EPI"
                }
            ], 
            "nameId": "ac5a62f0-c77a-46c6-bce0-c10da2e32b59", 
            "children": null, 
            "controlledBy": [
                {
                    "nameId": "fa835d9e-8045-4644-b265-afce36cc23cf", 
                    "id": "264796", 
                    "name": "TS2-010CRM:WtrC-PLC-001", 
                    "label": null
                }
            ], 
            "controls": null, 
            "id": "257408", 
            "parents": [
                {
                    "nameId": null, 
                    "id": "256662", 
                    "name": "Water Cooling", 
                    "label": null
                }
            ], 
            "poweredBy": null, 
            "deviceType": "ICS_PV", 
            "powers": null, 
            "properties": [], 
            "description": "shut-off-valve air supply\r\n"
        }, 
        "TS2-010CRM:WtrC-FIS-102": {
            "slotType": "SLOT", 
            "name": "TS2-010CRM:WtrC-FIS-102", 
            "artifacts": [
                {
                    "kind": "TYPE", 
                    "description": "ICS Flow Switch", 
                    "uri": "https://gitlab.esss.lu.se/icshwi/ics_library_definitions", 
                    "type": "URI", 
                    "id": null, 
                    "name": "EPI"
                }
            ], 
            "nameId": "861d9b56-c9f7-43d4-b34a-84b6ad06401e", 
            "children": null, 
            "controlledBy": [
                {
                    "nameId": "fa835d9e-8045-4644-b265-afce36cc23cf", 
                    "id": "264796", 
                    "name": "TS2-010CRM:WtrC-PLC-001", 
                    "label": null
                }
            ], 
            "controls": null, 
            "id": "256679", 
            "parents": [
                {
                    "nameId": null, 
                    "id": "256662", 
                    "name": "Water Cooling", 
                    "label": null
                }
            ], 
            "poweredBy": null, 
            "deviceType": "ICS_FIS", 
            "powers": null, 
            "properties": [], 
            "description": "Flow switch cooling outlet"
        }, 
        "TS2-010CRM:WtrC-PT-101": {
            "slotType": "SLOT", 
            "name": "TS2-010CRM:WtrC-PT-101", 
            "artifacts": [
                {
                    "kind": "TYPE", 
                    "description": "ICS Pressure Transmitter", 
                    "uri": "https://gitlab.esss.lu.se/icshwi/ics_library_definitions", 
                    "type": "URI", 
                    "id": null, 
                    "name": "EPI"
                }
            ], 
            "nameId": "118d1c7c-5241-4273-97be-22416f26aba4", 
            "children": null, 
            "controlledBy": [
                {
                    "nameId": "fa835d9e-8045-4644-b265-afce36cc23cf", 
                    "id": "264796", 
                    "name": "TS2-010CRM:WtrC-PLC-001", 
                    "label": null
                }
            ], 
            "controls": null, 
            "id": "256709", 
            "parents": [
                {
                    "nameId": null, 
                    "id": "256662", 
                    "name": "Water Cooling", 
                    "label": null
                }
            ], 
            "poweredBy": null, 
            "deviceType": "ICS_PT", 
            "powers": null, 
            "properties": [
                {
                    "dataType": "String", 
                    "value": "bar", 
                    "kind": "SLOT", 
                    "name": "EGU", 
                    "unit": null
                }
            ], 
            "description": "Pressure transmitter water-flush"
        }, 
        "TS2-010CRM:WtrC-PT-102": {
            "slotType": "SLOT", 
            "name": "TS2-010CRM:WtrC-PT-102", 
            "artifacts": [
                {
                    "kind": "TYPE", 
                    "description": "ICS Pressure Transmitter", 
                    "uri": "https://gitlab.esss.lu.se/icshwi/ics_library_definitions", 
                    "type": "URI", 
                    "id": null, 
                    "name": "EPI"
                }
            ], 
            "nameId": "a01d44fb-37dd-4e57-9c7b-44ccd268b8c0", 
            "children": null, 
            "controlledBy": [
                {
                    "nameId": "fa835d9e-8045-4644-b265-afce36cc23cf", 
                    "id": "264796", 
                    "name": "TS2-010CRM:WtrC-PLC-001", 
                    "label": null
                }
            ], 
            "controls": null, 
            "id": "256714", 
            "parents": [
                {
                    "nameId": null, 
                    "id": "256662", 
                    "name": "Water Cooling", 
                    "label": null
                }
            ], 
            "poweredBy": null, 
            "deviceType": "ICS_PT", 
            "powers": null, 
            "properties": [
                {
                    "dataType": "String", 
                    "value": "bar", 
                    "kind": "SLOT", 
                    "name": "EGU", 
                    "unit": null
                }
            ], 
            "description": "Pressure transmitter water-flush"
        }, 
        "TS2-010CRM:WtrC-FIS-104": {
            "slotType": "SLOT", 
            "name": "TS2-010CRM:WtrC-FIS-104", 
            "artifacts": [
                {
                    "kind": "TYPE", 
                    "description": "ICS Flow Switch", 
                    "uri": "https://gitlab.esss.lu.se/icshwi/ics_library_definitions", 
                    "type": "URI", 
                    "id": null, 
                    "name": "EPI"
                }
            ], 
            "nameId": "a7fcacde-6ba7-4f4c-84b9-d1292ec30a87", 
            "children": null, 
            "controlledBy": [
                {
                    "nameId": "fa835d9e-8045-4644-b265-afce36cc23cf", 
                    "id": "264796", 
                    "name": "TS2-010CRM:WtrC-PLC-001", 
                    "label": null
                }
            ], 
            "controls": null, 
            "id": "256720", 
            "parents": [
                {
                    "nameId": null, 
                    "id": "256662", 
                    "name": "Water Cooling", 
                    "label": null
                }
            ], 
            "poweredBy": null, 
            "deviceType": "ICS_FIS", 
            "powers": null, 
            "properties": [], 
            "description": "Flow switch cooling outlet"
        }, 
        "TS2-010CRM:WtrC-Virt-100": {
            "slotType": "SLOT", 
            "name": "TS2-010CRM:WtrC-Virt-100", 
            "artifacts": [
                {
                    "kind": "TYPE", 
                    "description": "ICS Pressure Transmitter", 
                    "uri": "https://gitlab.esss.lu.se/icshwi/ics_library_definitions", 
                    "type": "URI", 
                    "id": null, 
                    "name": "EPI[ICS_DigitalInput]"
                }
            ], 
            "nameId": "65561cf2-890a-4a87-bc9d-7ed7bd1a3d09", 
            "children": null, 
            "controlledBy": [
                {
                    "nameId": "fa835d9e-8045-4644-b265-afce36cc23cf", 
                    "id": "264796", 
                    "name": "TS2-010CRM:WtrC-PLC-001", 
                    "label": null
                }
            ], 
            "controls": null, 
            "id": "272454", 
            "parents": [
                {
                    "nameId": null, 
                    "id": "256662", 
                    "name": "Water Cooling", 
                    "label": null
                }
            ], 
            "poweredBy": null, 
            "deviceType": "ICS_DigitalInput", 
            "powers": null, 
            "properties": [], 
            "description": "dummy part for turning on the sequence of flushing"
        }, 
        "TS2-010CRM:SC-IOC-920": {
            "slotType": "SLOT", 
            "name": "TS2-010CRM:SC-IOC-920", 
            "artifacts": [
                {
                    "kind": "SLOT", 
                    "description": "IOC repository", 
                    "uri": "https://gitlab.esss.lu.se/iocs/ts2/ts2-010crm_sc-ioc-920.git", 
                    "type": "URI", 
                    "id": null, 
                    "name": "IOC_REPOSITORY"
                }
            ], 
            "nameId": "74019e94-063b-4de7-b31f-ad92e7d63a8f", 
            "children": null, 
            "controlledBy": null, 
            "controls": [
                {
                    "nameId": "fa835d9e-8045-4644-b265-afce36cc23cf", 
                    "id": "264796", 
                    "name": "TS2-010CRM:WtrC-PLC-001", 
                    "label": null
                }
            ], 
            "id": "264957", 
            "parents": [
                {
                    "nameId": null, 
                    "id": "256662", 
                    "name": "Water Cooling", 
                    "label": null
                }
            ], 
            "poweredBy": null, 
            "deviceType": "IOC", 
            "powers": null, 
            "properties": [
                {
                    "dataType": "String", 
                    "value": "3.4.1", 
                    "kind": "SLOT", 
                    "name": "E3RequireVersion", 
                    "unit": null
                }, 
                {
                    "dataType": "String", 
                    "value": "7.0.5", 
                    "kind": "SLOT", 
                    "name": "EPICSVersion", 
                    "unit": null
                }, 
                {
                    "dataType": "CSEntryHost", 
                    "value": "ts2-crm-vm-ioc01.tn.esss.lu.se", 
                    "kind": "SLOT", 
                    "name": "Hostname", 
                    "unit": null
                }, 
                {
                    "dataType": "Strings List", 
                    "value": "[\"startup\"]", 
                    "kind": "SLOT", 
                    "name": "EPICSSnippet", 
                    "unit": null
                }, 
                {
                    "dataType": "Strings List", 
                    "value": "[\"ioc_ts2-010crm_wtrc-ioc-001\"]", 
                    "kind": "SLOT", 
                    "name": "EPICSModule", 
                    "unit": null
                }
            ], 
            "description": "IOC to control TS2-010CRM:WtrC-PLC-001"
        }
    }
}