{
    "url": "https://ccdb.esss.lu.se", 
    "utc-timestamp": "20220922073727", 
    "version": "1.0", 
    "devices": {
        "Spk-000CDL:Cryo-PLC-010": {
            "slotType": "SLOT", 
            "name": "Spk-000CDL:Cryo-PLC-010", 
            "artifacts": null, 
            "nameId": "c2d020c2-3cd3-428f-bc2f-5f45e4a39a5e", 
            "children": [
                {
                    "nameId": "d7821e57-aae1-4888-8a51-bed7e8e6fab2", 
                    "id": "79757", 
                    "name": "Spk-000CDL:SC-FSM-400", 
                    "label": null
                }, 
                {
                    "nameId": "2aa74114-4a9d-4507-840b-f8d430700c9c", 
                    "id": "79764", 
                    "name": "Spk-000CDL:SC-FSM-500", 
                    "label": null
                }, 
                {
                    "nameId": "e201d734-44d9-4ed9-961e-7403ce3e9e01", 
                    "id": "90736", 
                    "name": "Spk-000CDL:SC-FSM-600", 
                    "label": null
                }, 
                {
                    "nameId": "f3c5fa58-b2aa-4186-8a7b-8bde9df2a8a4", 
                    "id": "90743", 
                    "name": "Spk-000CDL:Cryo-PID-91", 
                    "label": null
                }, 
                {
                    "nameId": "0771d20c-5d11-461f-b0d5-7b45b1e91de3", 
                    "id": "90747", 
                    "name": "Spk-000CDL:Cryo-PID-92", 
                    "label": null
                }, 
                {
                    "nameId": "c1d396df-e11b-4501-b18e-47dbbb6d7170", 
                    "id": "90751", 
                    "name": "Spk-000CDL:Cryo-PID-93", 
                    "label": null
                }, 
                {
                    "nameId": "ccd880e5-e7c4-4591-a225-bada64042017", 
                    "id": "90755", 
                    "name": "Spk-000CDL:Cryo-PID-94", 
                    "label": null
                }, 
                {
                    "nameId": "6a23750a-312a-46f2-a221-b0bd6067d601", 
                    "id": "91856", 
                    "name": "Spk-000CDL:SC-FSM-300", 
                    "label": null
                }
            ], 
            "controlledBy": [
                {
                    "nameId": "9aa08021-543a-4e53-b732-781e86ab1f79", 
                    "id": "79517", 
                    "name": "Spk-000CDL:SC-IOC-010", 
                    "label": null
                }
            ], 
            "controls": [
                {
                    "nameId": "735a84c9-984a-4e6c-b46a-24f3d884d937", 
                    "id": "79526", 
                    "name": "Spk-000CDL:Cryo-CV-91", 
                    "label": null
                }, 
                {
                    "nameId": "758f419f-fc68-4ca5-873c-2537bdb69017", 
                    "id": "79530", 
                    "name": "Spk-000CDL:Cryo-CV-92", 
                    "label": null
                }, 
                {
                    "nameId": "f035d855-198f-4483-8de4-0f4bc5e05b7a", 
                    "id": "79534", 
                    "name": "Spk-000CDL:Cryo-CV-93", 
                    "label": null
                }, 
                {
                    "nameId": "b32279b0-8a4a-4b4e-b051-5f5083dee584", 
                    "id": "79538", 
                    "name": "Spk-000CDL:Cryo-CV-94", 
                    "label": null
                }, 
                {
                    "nameId": "4d708579-0c7e-4a2f-b47c-b53eed697747", 
                    "id": "79542", 
                    "name": "Spk-000CDL:Cryo-EH-91", 
                    "label": null
                }, 
                {
                    "nameId": "dd77289b-992d-4f92-8a29-a71281d1908d", 
                    "id": "79546", 
                    "name": "Spk-000CDL:Cryo-EH-92", 
                    "label": null
                }, 
                {
                    "nameId": "b4c0eb66-6273-4199-8ab3-3ec521c40847", 
                    "id": "79550", 
                    "name": "Spk-000CDL:Cryo-EH-93", 
                    "label": null
                }, 
                {
                    "nameId": "2e43b397-ce98-4ce0-9687-21e53a0723a7", 
                    "id": "79554", 
                    "name": "Spk-000CDL:Cryo-EH-94", 
                    "label": null
                }, 
                {
                    "nameId": "c9b9cf7a-55c2-47b0-a08a-9ecaaa7a4304", 
                    "id": "79558", 
                    "name": "Spk-000CDL:Cryo-EH-95", 
                    "label": null
                }, 
                {
                    "nameId": "b9ec2c5e-1f39-4b5a-bb9e-d62e1604f47b", 
                    "id": "79562", 
                    "name": "Spk-000CDL:Cryo-EH-96", 
                    "label": null
                }, 
                {
                    "nameId": "04f9257e-4a85-45e4-ad9f-0c6f4651dacf", 
                    "id": "79566", 
                    "name": "Spk-000CDL:Cryo-HV-70", 
                    "label": null
                }, 
                {
                    "nameId": "7226030a-d26a-4a26-b3bd-dfef3a4898ab", 
                    "id": "79570", 
                    "name": "Spk-000CDL:Cryo-HV-73", 
                    "label": null
                }, 
                {
                    "nameId": "4d882b09-6089-4988-84f3-36a3bea90b55", 
                    "id": "79574", 
                    "name": "Spk-000CDL:Cryo-LT-91", 
                    "label": null
                }, 
                {
                    "nameId": "1cd3d0b0-5d21-4f5e-9eda-8f301244028f", 
                    "id": "79578", 
                    "name": "Spk-000CDL:Cryo-LT-92", 
                    "label": null
                }, 
                {
                    "nameId": "abd74958-5b4c-4f3a-bead-cabde97a5ea2", 
                    "id": "79582", 
                    "name": "Spk-000CDL:Vac-VGP-070", 
                    "label": null
                }, 
                {
                    "nameId": "665cd436-ce50-4086-b690-a4d181e100c2", 
                    "id": "79590", 
                    "name": "Spk-000CDL:Vac-VGC-071", 
                    "label": null
                }, 
                {
                    "nameId": "da3ca5ef-5668-4e52-82fb-b0c89bac1bc8", 
                    "id": "79598", 
                    "name": "Spk-000CDL:Cryo-PT-91", 
                    "label": null
                }, 
                {
                    "nameId": "9ed5eb20-9a03-411d-99dd-9cb172a92893", 
                    "id": "79606", 
                    "name": "Spk-000CDL:Cryo-PT-92", 
                    "label": null
                }, 
                {
                    "nameId": "e2f764d8-853e-480c-8897-9afe4af036dc", 
                    "id": "79614", 
                    "name": "Spk-000CDL:Cryo-PT-93", 
                    "label": null
                }, 
                {
                    "nameId": "6e679d11-5356-4900-8c5c-166d31f4147c", 
                    "id": "79622", 
                    "name": "Spk-000CDL:Cryo-PT-94", 
                    "label": null
                }, 
                {
                    "nameId": "22b8b467-9dca-4304-a889-257320660be1", 
                    "id": "79630", 
                    "name": "Spk-000CDL:Cryo-PT-95", 
                    "label": null
                }, 
                {
                    "nameId": "399728b5-b6d3-4d18-99bd-aac54cb01d3f", 
                    "id": "79638", 
                    "name": "Spk-000CDL:Cryo-TT-91", 
                    "label": null
                }, 
                {
                    "nameId": "6a4a0919-f232-4efe-88a6-4cc6646c66a5", 
                    "id": "79642", 
                    "name": "Spk-000CDL:Cryo-TT-92", 
                    "label": null
                }, 
                {
                    "nameId": "6aa36cba-363e-48c6-b280-843f69aa668d", 
                    "id": "79646", 
                    "name": "Spk-000CDL:Cryo-TT-93", 
                    "label": null
                }, 
                {
                    "nameId": "fa2604bd-ca55-44a0-9997-2bdcbe2ac027", 
                    "id": "79650", 
                    "name": "Spk-000CDL:Cryo-TT-94", 
                    "label": null
                }, 
                {
                    "nameId": "331f8555-92e7-4487-b36e-e8ab6ddae1d6", 
                    "id": "79654", 
                    "name": "Spk-000CDL:Cryo-TT-95", 
                    "label": null
                }, 
                {
                    "nameId": "1e06ea7f-002f-461c-acd0-650303bcfd6a", 
                    "id": "79658", 
                    "name": "Spk-000CDL:Cryo-TT-96", 
                    "label": null
                }, 
                {
                    "nameId": "7c91aea9-904d-4f89-a070-31b0e400c164", 
                    "id": "79662", 
                    "name": "Spk-000CDL:Cryo-TT-97", 
                    "label": null
                }, 
                {
                    "nameId": "9c7a013d-4aec-4ef3-b88a-2520190a6d98", 
                    "id": "79666", 
                    "name": "Spk-000CDL:Cryo-TT-98", 
                    "label": null
                }, 
                {
                    "nameId": "d7821e57-aae1-4888-8a51-bed7e8e6fab2", 
                    "id": "79757", 
                    "name": "Spk-000CDL:SC-FSM-400", 
                    "label": null
                }, 
                {
                    "nameId": "2aa74114-4a9d-4507-840b-f8d430700c9c", 
                    "id": "79764", 
                    "name": "Spk-000CDL:SC-FSM-500", 
                    "label": null
                }, 
                {
                    "nameId": "e201d734-44d9-4ed9-961e-7403ce3e9e01", 
                    "id": "90736", 
                    "name": "Spk-000CDL:SC-FSM-600", 
                    "label": null
                }, 
                {
                    "nameId": "f3c5fa58-b2aa-4186-8a7b-8bde9df2a8a4", 
                    "id": "90743", 
                    "name": "Spk-000CDL:Cryo-PID-91", 
                    "label": null
                }, 
                {
                    "nameId": "0771d20c-5d11-461f-b0d5-7b45b1e91de3", 
                    "id": "90747", 
                    "name": "Spk-000CDL:Cryo-PID-92", 
                    "label": null
                }, 
                {
                    "nameId": "c1d396df-e11b-4501-b18e-47dbbb6d7170", 
                    "id": "90751", 
                    "name": "Spk-000CDL:Cryo-PID-93", 
                    "label": null
                }, 
                {
                    "nameId": "ccd880e5-e7c4-4591-a225-bada64042017", 
                    "id": "90755", 
                    "name": "Spk-000CDL:Cryo-PID-94", 
                    "label": null
                }, 
                {
                    "nameId": "6a23750a-312a-46f2-a221-b0bd6067d601", 
                    "id": "91856", 
                    "name": "Spk-000CDL:SC-FSM-300", 
                    "label": null
                }
            ], 
            "id": "79493", 
            "parents": [
                {
                    "nameId": null, 
                    "id": "79489", 
                    "name": "000CDL", 
                    "label": null
                }
            ], 
            "poweredBy": null, 
            "deviceType": "PLC", 
            "powers": null, 
            "properties": [
                {
                    "dataType": "Integer", 
                    "value": "2001", 
                    "kind": "SLOT", 
                    "name": "PLCF#PLC-EPICS-COMMS: DiagPort", 
                    "unit": null
                }, 
                {
                    "dataType": "Integer", 
                    "value": "60", 
                    "kind": "SLOT", 
                    "name": "PLCF#PLC-DIAG:Max-IO-Devices", 
                    "unit": null
                }, 
                {
                    "dataType": "Integer", 
                    "value": "30", 
                    "kind": "SLOT", 
                    "name": "PLCF#PLC-DIAG:Max-Modules-In-IO-Device", 
                    "unit": null
                }, 
                {
                    "dataType": "Strings List", 
                    "value": "null", 
                    "kind": "SLOT", 
                    "name": "EPICSModule", 
                    "unit": null
                }, 
                {
                    "dataType": "Strings List", 
                    "value": "null", 
                    "kind": "SLOT", 
                    "name": "EPICSSnippet", 
                    "unit": null
                }, 
                {
                    "dataType": "Endianness", 
                    "value": "BigEndian", 
                    "kind": "SLOT", 
                    "name": "PLCF#PLC-EPICS-COMMS:Endianness", 
                    "unit": null
                }, 
                {
                    "dataType": "Integer", 
                    "value": "0", 
                    "kind": "SLOT", 
                    "name": "PLCF#EPICSToPLCDataBlockStartOffset", 
                    "unit": null
                }, 
                {
                    "dataType": "Integer", 
                    "value": "0", 
                    "kind": "SLOT", 
                    "name": "PLCF#PLCToEPICSDataBlockStartOffset", 
                    "unit": null
                }, 
                {
                    "dataType": "Integer", 
                    "value": "255", 
                    "kind": "SLOT", 
                    "name": "PLCF#PLC-EPICS-COMMS: MBConnectionID", 
                    "unit": null
                }, 
                {
                    "dataType": "Integer", 
                    "value": "502", 
                    "kind": "SLOT", 
                    "name": "PLCF#PLC-EPICS-COMMS: MBPort", 
                    "unit": null
                }, 
                {
                    "dataType": "Integer", 
                    "value": "256", 
                    "kind": "SLOT", 
                    "name": "PLCF#PLC-EPICS-COMMS: S7ConnectionID", 
                    "unit": null
                }, 
                {
                    "dataType": "Integer", 
                    "value": "2000", 
                    "kind": "SLOT", 
                    "name": "PLCF#PLC-EPICS-COMMS: S7Port", 
                    "unit": null
                }, 
                {
                    "dataType": "PLCPulse", 
                    "value": "Pulse_200ms", 
                    "kind": "SLOT", 
                    "name": "PLCF#PLC-EPICS-COMMS: PLCPulse", 
                    "unit": null
                }, 
                {
                    "dataType": "CSEntryHost", 
                    "value": "cds-plc-spk-000.tn.esss.lu.se", 
                    "kind": "SLOT", 
                    "name": "Hostname", 
                    "unit": null
                }, 
                {
                    "dataType": "Integer", 
                    "value": "30", 
                    "kind": "SLOT", 
                    "name": "PLCF#PLC-DIAG:Max-Local-Modules", 
                    "unit": null
                }, 
                {
                    "dataType": "Integer", 
                    "value": "254", 
                    "kind": "SLOT", 
                    "name": "PLCF#PLC-EPICS-COMMS: DiagConnectionID", 
                    "unit": null
                }, 
                {
                    "dataType": "String", 
                    "value": "null", 
                    "kind": "SLOT", 
                    "name": "PLC-EPICS-COMMS: GatewayDatablock", 
                    "unit": null
                }, 
                {
                    "dataType": "String", 
                    "value": "72", 
                    "kind": "SLOT", 
                    "name": "PLCF#PLC-EPICS-COMMS: InterfaceID", 
                    "unit": null
                }
            ], 
            "description": "Control PLC"
        }, 
        "Spk-000CDL:SC-FSM-300": {
            "slotType": "SLOT", 
            "name": "Spk-000CDL:SC-FSM-300", 
            "artifacts": [
                {
                    "kind": "TYPE", 
                    "description": "Automatic Configuration Interface", 
                    "uri": null, 
                    "type": "FILE", 
                    "id": null, 
                    "name": "C3S_AUTO_CONF.def"
                }
            ], 
            "nameId": "6a23750a-312a-46f2-a221-b0bd6067d601", 
            "children": null, 
            "controlledBy": [
                {
                    "nameId": "c2d020c2-3cd3-428f-bc2f-5f45e4a39a5e", 
                    "id": "79493", 
                    "name": "Spk-000CDL:Cryo-PLC-010", 
                    "label": null
                }
            ], 
            "controls": null, 
            "id": "91856", 
            "parents": [
                {
                    "nameId": "c2d020c2-3cd3-428f-bc2f-5f45e4a39a5e", 
                    "id": "79493", 
                    "name": "Spk-000CDL:Cryo-PLC-010", 
                    "label": null
                }
            ], 
            "poweredBy": null, 
            "deviceType": "C3S_AUTO_CONF", 
            "powers": null, 
            "properties": [], 
            "description": "Automatic Mode Configuration Interface"
        }, 
        "Spk-000CDL:Cryo-PID-94": {
            "slotType": "SLOT", 
            "name": "Spk-000CDL:Cryo-PID-94", 
            "artifacts": [
                {
                    "kind": "TYPE", 
                    "description": "C3S_PID", 
                    "uri": null, 
                    "type": "FILE", 
                    "id": null, 
                    "name": "C3S_PID.def"
                }
            ], 
            "nameId": "ccd880e5-e7c4-4591-a225-bada64042017", 
            "children": null, 
            "controlledBy": [
                {
                    "nameId": "c2d020c2-3cd3-428f-bc2f-5f45e4a39a5e", 
                    "id": "79493", 
                    "name": "Spk-000CDL:Cryo-PLC-010", 
                    "label": null
                }
            ], 
            "controls": null, 
            "id": "90755", 
            "parents": [
                {
                    "nameId": "c2d020c2-3cd3-428f-bc2f-5f45e4a39a5e", 
                    "id": "79493", 
                    "name": "Spk-000CDL:Cryo-PLC-010", 
                    "label": null
                }
            ], 
            "poweredBy": null, 
            "deviceType": "C3S_PID", 
            "powers": null, 
            "properties": [], 
            "description": "SV relief CV  PID"
        }, 
        "Spk-000CDL:Cryo-PID-93": {
            "slotType": "SLOT", 
            "name": "Spk-000CDL:Cryo-PID-93", 
            "artifacts": [
                {
                    "kind": "TYPE", 
                    "description": "C3S_PID", 
                    "uri": null, 
                    "type": "FILE", 
                    "id": null, 
                    "name": "C3S_PID.def"
                }
            ], 
            "nameId": "c1d396df-e11b-4501-b18e-47dbbb6d7170", 
            "children": null, 
            "controlledBy": [
                {
                    "nameId": "c2d020c2-3cd3-428f-bc2f-5f45e4a39a5e", 
                    "id": "79493", 
                    "name": "Spk-000CDL:Cryo-PLC-010", 
                    "label": null
                }
            ], 
            "controls": null, 
            "id": "90751", 
            "parents": [
                {
                    "nameId": "c2d020c2-3cd3-428f-bc2f-5f45e4a39a5e", 
                    "id": "79493", 
                    "name": "Spk-000CDL:Cryo-PLC-010", 
                    "label": null
                }
            ], 
            "poweredBy": null, 
            "deviceType": "C3S_PID", 
            "powers": null, 
            "properties": [], 
            "description": "TS supply CV  PID"
        }, 
        "Spk-000CDL:Cryo-PID-92": {
            "slotType": "SLOT", 
            "name": "Spk-000CDL:Cryo-PID-92", 
            "artifacts": [
                {
                    "kind": "TYPE", 
                    "description": "C3S_PID", 
                    "uri": null, 
                    "type": "FILE", 
                    "id": null, 
                    "name": "C3S_PID.def"
                }
            ], 
            "nameId": "0771d20c-5d11-461f-b0d5-7b45b1e91de3", 
            "children": null, 
            "controlledBy": [
                {
                    "nameId": "c2d020c2-3cd3-428f-bc2f-5f45e4a39a5e", 
                    "id": "79493", 
                    "name": "Spk-000CDL:Cryo-PLC-010", 
                    "label": null
                }
            ], 
            "controls": null, 
            "id": "90747", 
            "parents": [
                {
                    "nameId": "c2d020c2-3cd3-428f-bc2f-5f45e4a39a5e", 
                    "id": "79493", 
                    "name": "Spk-000CDL:Cryo-PLC-010", 
                    "label": null
                }
            ], 
            "poweredBy": null, 
            "deviceType": "C3S_PID", 
            "powers": null, 
            "properties": [], 
            "description": "He supply CV low  PID"
        }, 
        "Spk-000CDL:Cryo-PID-91": {
            "slotType": "SLOT", 
            "name": "Spk-000CDL:Cryo-PID-91", 
            "artifacts": [
                {
                    "kind": "TYPE", 
                    "description": "C3S_PID", 
                    "uri": null, 
                    "type": "FILE", 
                    "id": null, 
                    "name": "C3S_PID.def"
                }
            ], 
            "nameId": "f3c5fa58-b2aa-4186-8a7b-8bde9df2a8a4", 
            "children": null, 
            "controlledBy": [
                {
                    "nameId": "c2d020c2-3cd3-428f-bc2f-5f45e4a39a5e", 
                    "id": "79493", 
                    "name": "Spk-000CDL:Cryo-PLC-010", 
                    "label": null
                }
            ], 
            "controls": null, 
            "id": "90743", 
            "parents": [
                {
                    "nameId": "c2d020c2-3cd3-428f-bc2f-5f45e4a39a5e", 
                    "id": "79493", 
                    "name": "Spk-000CDL:Cryo-PLC-010", 
                    "label": null
                }
            ], 
            "poweredBy": null, 
            "deviceType": "C3S_PID", 
            "powers": null, 
            "properties": [], 
            "description": "He supply CV high PID"
        }, 
        "Spk-000CDL:SC-FSM-600": {
            "slotType": "SLOT", 
            "name": "Spk-000CDL:SC-FSM-600", 
            "artifacts": [
                {
                    "kind": "TYPE", 
                    "description": "C3S Mode Sel", 
                    "uri": null, 
                    "type": "FILE", 
                    "id": null, 
                    "name": "C3S_MODE_SEL.def"
                }
            ], 
            "nameId": "e201d734-44d9-4ed9-961e-7403ce3e9e01", 
            "children": null, 
            "controlledBy": [
                {
                    "nameId": "c2d020c2-3cd3-428f-bc2f-5f45e4a39a5e", 
                    "id": "79493", 
                    "name": "Spk-000CDL:Cryo-PLC-010", 
                    "label": null
                }
            ], 
            "controls": null, 
            "id": "90736", 
            "parents": [
                {
                    "nameId": "c2d020c2-3cd3-428f-bc2f-5f45e4a39a5e", 
                    "id": "79493", 
                    "name": "Spk-000CDL:Cryo-PLC-010", 
                    "label": null
                }
            ], 
            "poweredBy": null, 
            "deviceType": "C3S_MODE_SEL", 
            "powers": null, 
            "properties": [], 
            "description": "Mode Selection Interface"
        }, 
        "Spk-000CDL:SC-FSM-500": {
            "slotType": "SLOT", 
            "name": "Spk-000CDL:SC-FSM-500", 
            "artifacts": [
                {
                    "kind": "TYPE", 
                    "description": "Interlocks Interface v2", 
                    "uri": null, 
                    "type": "FILE", 
                    "id": null, 
                    "name": "C3S_INTLCK.def"
                }
            ], 
            "nameId": "2aa74114-4a9d-4507-840b-f8d430700c9c", 
            "children": null, 
            "controlledBy": [
                {
                    "nameId": "c2d020c2-3cd3-428f-bc2f-5f45e4a39a5e", 
                    "id": "79493", 
                    "name": "Spk-000CDL:Cryo-PLC-010", 
                    "label": null
                }
            ], 
            "controls": null, 
            "id": "79764", 
            "parents": [
                {
                    "nameId": "c2d020c2-3cd3-428f-bc2f-5f45e4a39a5e", 
                    "id": "79493", 
                    "name": "Spk-000CDL:Cryo-PLC-010", 
                    "label": null
                }
            ], 
            "poweredBy": null, 
            "deviceType": "C3S_INTLCK", 
            "powers": null, 
            "properties": [], 
            "description": "Interlocks Interface"
        }, 
        "Spk-000CDL:SC-FSM-400": {
            "slotType": "SLOT", 
            "name": "Spk-000CDL:SC-FSM-400", 
            "artifacts": [
                {
                    "kind": "TYPE", 
                    "description": "Diagnostic Interface v3", 
                    "uri": null, 
                    "type": "FILE", 
                    "id": null, 
                    "name": "C3S_DIAG.def"
                }
            ], 
            "nameId": "d7821e57-aae1-4888-8a51-bed7e8e6fab2", 
            "children": null, 
            "controlledBy": [
                {
                    "nameId": "c2d020c2-3cd3-428f-bc2f-5f45e4a39a5e", 
                    "id": "79493", 
                    "name": "Spk-000CDL:Cryo-PLC-010", 
                    "label": null
                }
            ], 
            "controls": null, 
            "id": "79757", 
            "parents": [
                {
                    "nameId": "c2d020c2-3cd3-428f-bc2f-5f45e4a39a5e", 
                    "id": "79493", 
                    "name": "Spk-000CDL:Cryo-PLC-010", 
                    "label": null
                }
            ], 
            "poweredBy": null, 
            "deviceType": "C3S_DIAG", 
            "powers": null, 
            "properties": [], 
            "description": "Diagnostic Interface"
        }, 
        "Spk-000CDL:Cryo-TT-98": {
            "slotType": "SLOT", 
            "name": "Spk-000CDL:Cryo-TT-98", 
            "artifacts": [
                {
                    "kind": "TYPE", 
                    "description": "ICS Temperaure Sensor", 
                    "uri": "https://gitlab.esss.lu.se/icshwi/ics_library_definitions", 
                    "type": "URI", 
                    "id": null, 
                    "name": "EPI"
                }
            ], 
            "nameId": "9c7a013d-4aec-4ef3-b88a-2520190a6d98", 
            "children": null, 
            "controlledBy": [
                {
                    "nameId": "c2d020c2-3cd3-428f-bc2f-5f45e4a39a5e", 
                    "id": "79493", 
                    "name": "Spk-000CDL:Cryo-PLC-010", 
                    "label": null
                }
            ], 
            "controls": null, 
            "id": "79666", 
            "parents": [
                {
                    "nameId": null, 
                    "id": "79489", 
                    "name": "000CDL", 
                    "label": null
                }
            ], 
            "poweredBy": null, 
            "deviceType": "ICS_LAKESHORE_TT", 
            "powers": null, 
            "properties": [
                {
                    "dataType": "String", 
                    "value": "K", 
                    "kind": "SLOT", 
                    "name": "EGU", 
                    "unit": null
                }
            ], 
            "description": "Expansion tank TT low"
        }, 
        "Spk-000CDL:Cryo-TT-97": {
            "slotType": "SLOT", 
            "name": "Spk-000CDL:Cryo-TT-97", 
            "artifacts": [
                {
                    "kind": "TYPE", 
                    "description": "ICS Temperaure Sensor", 
                    "uri": "https://gitlab.esss.lu.se/icshwi/ics_library_definitions", 
                    "type": "URI", 
                    "id": null, 
                    "name": "EPI"
                }
            ], 
            "nameId": "7c91aea9-904d-4f89-a070-31b0e400c164", 
            "children": null, 
            "controlledBy": [
                {
                    "nameId": "c2d020c2-3cd3-428f-bc2f-5f45e4a39a5e", 
                    "id": "79493", 
                    "name": "Spk-000CDL:Cryo-PLC-010", 
                    "label": null
                }
            ], 
            "controls": null, 
            "id": "79662", 
            "parents": [
                {
                    "nameId": null, 
                    "id": "79489", 
                    "name": "000CDL", 
                    "label": null
                }
            ], 
            "poweredBy": null, 
            "deviceType": "ICS_LAKESHORE_TT", 
            "powers": null, 
            "properties": [
                {
                    "dataType": "String", 
                    "value": "K", 
                    "kind": "SLOT", 
                    "name": "EGU", 
                    "unit": null
                }
            ], 
            "description": "Expansion tank TT high"
        }, 
        "Spk-000CDL:Cryo-TT-96": {
            "slotType": "SLOT", 
            "name": "Spk-000CDL:Cryo-TT-96", 
            "artifacts": [
                {
                    "kind": "TYPE", 
                    "description": "ICS Temperaure Sensor", 
                    "uri": "https://gitlab.esss.lu.se/icshwi/ics_library_definitions", 
                    "type": "URI", 
                    "id": null, 
                    "name": "EPI"
                }
            ], 
            "nameId": "1e06ea7f-002f-461c-acd0-650303bcfd6a", 
            "children": null, 
            "controlledBy": [
                {
                    "nameId": "c2d020c2-3cd3-428f-bc2f-5f45e4a39a5e", 
                    "id": "79493", 
                    "name": "Spk-000CDL:Cryo-PLC-010", 
                    "label": null
                }
            ], 
            "controls": null, 
            "id": "79658", 
            "parents": [
                {
                    "nameId": null, 
                    "id": "79489", 
                    "name": "000CDL", 
                    "label": null
                }
            ], 
            "poweredBy": null, 
            "deviceType": "ICS_LAKESHORE_TT", 
            "powers": null, 
            "properties": [
                {
                    "dataType": "String", 
                    "value": "K", 
                    "kind": "SLOT", 
                    "name": "EGU", 
                    "unit": null
                }
            ], 
            "description": "TS return TT low"
        }, 
        "Spk-000CDL:Cryo-TT-95": {
            "slotType": "SLOT", 
            "name": "Spk-000CDL:Cryo-TT-95", 
            "artifacts": [
                {
                    "kind": "TYPE", 
                    "description": "ICS Temperaure Sensor", 
                    "uri": "https://gitlab.esss.lu.se/icshwi/ics_library_definitions", 
                    "type": "URI", 
                    "id": null, 
                    "name": "EPI"
                }
            ], 
            "nameId": "331f8555-92e7-4487-b36e-e8ab6ddae1d6", 
            "children": null, 
            "controlledBy": [
                {
                    "nameId": "c2d020c2-3cd3-428f-bc2f-5f45e4a39a5e", 
                    "id": "79493", 
                    "name": "Spk-000CDL:Cryo-PLC-010", 
                    "label": null
                }
            ], 
            "controls": null, 
            "id": "79654", 
            "parents": [
                {
                    "nameId": null, 
                    "id": "79489", 
                    "name": "000CDL", 
                    "label": null
                }
            ], 
            "poweredBy": null, 
            "deviceType": "ICS_LAKESHORE_TT", 
            "powers": null, 
            "properties": [
                {
                    "dataType": "String", 
                    "value": "K", 
                    "kind": "SLOT", 
                    "name": "EGU", 
                    "unit": null
                }
            ], 
            "description": "TS return TT high"
        }, 
        "Spk-000CDL:Cryo-TT-94": {
            "slotType": "SLOT", 
            "name": "Spk-000CDL:Cryo-TT-94", 
            "artifacts": [
                {
                    "kind": "TYPE", 
                    "description": "ICS Temperaure Sensor", 
                    "uri": "https://gitlab.esss.lu.se/icshwi/ics_library_definitions", 
                    "type": "URI", 
                    "id": null, 
                    "name": "EPI"
                }
            ], 
            "nameId": "fa2604bd-ca55-44a0-9997-2bdcbe2ac027", 
            "children": null, 
            "controlledBy": [
                {
                    "nameId": "c2d020c2-3cd3-428f-bc2f-5f45e4a39a5e", 
                    "id": "79493", 
                    "name": "Spk-000CDL:Cryo-PLC-010", 
                    "label": null
                }
            ], 
            "controls": null, 
            "id": "79650", 
            "parents": [
                {
                    "nameId": null, 
                    "id": "79489", 
                    "name": "000CDL", 
                    "label": null
                }
            ], 
            "poweredBy": null, 
            "deviceType": "ICS_LAKESHORE_TT", 
            "powers": null, 
            "properties": [
                {
                    "dataType": "String", 
                    "value": "K", 
                    "kind": "SLOT", 
                    "name": "EGU", 
                    "unit": null
                }
            ], 
            "description": "TS supply TT low"
        }, 
        "Spk-000CDL:Cryo-TT-93": {
            "slotType": "SLOT", 
            "name": "Spk-000CDL:Cryo-TT-93", 
            "artifacts": [
                {
                    "kind": "TYPE", 
                    "description": "ICS Temperaure Sensor", 
                    "uri": "https://gitlab.esss.lu.se/icshwi/ics_library_definitions", 
                    "type": "URI", 
                    "id": null, 
                    "name": "EPI"
                }
            ], 
            "nameId": "6aa36cba-363e-48c6-b280-843f69aa668d", 
            "children": null, 
            "controlledBy": [
                {
                    "nameId": "c2d020c2-3cd3-428f-bc2f-5f45e4a39a5e", 
                    "id": "79493", 
                    "name": "Spk-000CDL:Cryo-PLC-010", 
                    "label": null
                }
            ], 
            "controls": null, 
            "id": "79646", 
            "parents": [
                {
                    "nameId": null, 
                    "id": "79489", 
                    "name": "000CDL", 
                    "label": null
                }
            ], 
            "poweredBy": null, 
            "deviceType": "ICS_LAKESHORE_TT", 
            "powers": null, 
            "properties": [
                {
                    "dataType": "String", 
                    "value": "K", 
                    "kind": "SLOT", 
                    "name": "EGU", 
                    "unit": null
                }
            ], 
            "description": "TS supply TT high"
        }, 
        "Spk-000CDL:Cryo-TT-92": {
            "slotType": "SLOT", 
            "name": "Spk-000CDL:Cryo-TT-92", 
            "artifacts": [
                {
                    "kind": "TYPE", 
                    "description": "ICS Temperaure Sensor", 
                    "uri": "https://gitlab.esss.lu.se/icshwi/ics_library_definitions", 
                    "type": "URI", 
                    "id": null, 
                    "name": "EPI"
                }
            ], 
            "nameId": "6a4a0919-f232-4efe-88a6-4cc6646c66a5", 
            "children": null, 
            "controlledBy": [
                {
                    "nameId": "c2d020c2-3cd3-428f-bc2f-5f45e4a39a5e", 
                    "id": "79493", 
                    "name": "Spk-000CDL:Cryo-PLC-010", 
                    "label": null
                }
            ], 
            "controls": null, 
            "id": "79642", 
            "parents": [
                {
                    "nameId": null, 
                    "id": "79489", 
                    "name": "000CDL", 
                    "label": null
                }
            ], 
            "poweredBy": null, 
            "deviceType": "ICS_LAKESHORE_TT", 
            "powers": null, 
            "properties": [
                {
                    "dataType": "String", 
                    "value": "K", 
                    "kind": "SLOT", 
                    "name": "EGU", 
                    "unit": null
                }
            ], 
            "description": "He supply TT low"
        }, 
        "Spk-000CDL:Cryo-TT-91": {
            "slotType": "SLOT", 
            "name": "Spk-000CDL:Cryo-TT-91", 
            "artifacts": [
                {
                    "kind": "TYPE", 
                    "description": "ICS Temperaure Sensor", 
                    "uri": "https://gitlab.esss.lu.se/icshwi/ics_library_definitions", 
                    "type": "URI", 
                    "id": null, 
                    "name": "EPI"
                }
            ], 
            "nameId": "399728b5-b6d3-4d18-99bd-aac54cb01d3f", 
            "children": null, 
            "controlledBy": [
                {
                    "nameId": "c2d020c2-3cd3-428f-bc2f-5f45e4a39a5e", 
                    "id": "79493", 
                    "name": "Spk-000CDL:Cryo-PLC-010", 
                    "label": null
                }
            ], 
            "controls": null, 
            "id": "79638", 
            "parents": [
                {
                    "nameId": null, 
                    "id": "79489", 
                    "name": "000CDL", 
                    "label": null
                }
            ], 
            "poweredBy": null, 
            "deviceType": "ICS_LAKESHORE_TT", 
            "powers": null, 
            "properties": [
                {
                    "dataType": "String", 
                    "value": "K", 
                    "kind": "SLOT", 
                    "name": "EGU", 
                    "unit": null
                }
            ], 
            "description": "He supply TT high"
        }, 
        "Spk-000CDL:Cryo-PT-95": {
            "slotType": "SLOT", 
            "name": "Spk-000CDL:Cryo-PT-95", 
            "artifacts": [
                {
                    "kind": "TYPE", 
                    "description": "PV list to be archived", 
                    "uri": null, 
                    "type": "FILE", 
                    "id": null, 
                    "name": "VACUUM_VAC-VGx_TEMPLATE_ARCHIVE.txt"
                }, 
                {
                    "kind": "TYPE", 
                    "description": "Pressure Transmitter", 
                    "uri": "https://gitlab.esss.lu.se/icshwi/ics_library_definitions", 
                    "type": "URI", 
                    "id": null, 
                    "name": "EPI"
                }
            ], 
            "nameId": "22b8b467-9dca-4304-a889-257320660be1", 
            "children": null, 
            "controlledBy": [
                {
                    "nameId": "c2d020c2-3cd3-428f-bc2f-5f45e4a39a5e", 
                    "id": "79493", 
                    "name": "Spk-000CDL:Cryo-PLC-010", 
                    "label": null
                }
            ], 
            "controls": null, 
            "id": "79630", 
            "parents": [
                {
                    "nameId": null, 
                    "id": "79489", 
                    "name": "000CDL", 
                    "label": null
                }
            ], 
            "poweredBy": null, 
            "deviceType": "ICS_PT_mbar", 
            "powers": null, 
            "properties": [
                {
                    "dataType": "Strings List", 
                    "value": "null", 
                    "kind": "SLOT", 
                    "name": "EPICSModule", 
                    "unit": null
                }, 
                {
                    "dataType": "Strings List", 
                    "value": "null", 
                    "kind": "SLOT", 
                    "name": "EPICSSnippet", 
                    "unit": null
                }, 
                {
                    "dataType": "MKSChannel", 
                    "value": "null", 
                    "kind": "SLOT", 
                    "name": "MKSChannel", 
                    "unit": null
                }, 
                {
                    "dataType": "TPGChannel", 
                    "value": "null", 
                    "kind": "SLOT", 
                    "name": "TPGChannel", 
                    "unit": null
                }
            ], 
            "description": "SV relief line pressure"
        }, 
        "Spk-000CDL:Cryo-PT-94": {
            "slotType": "SLOT", 
            "name": "Spk-000CDL:Cryo-PT-94", 
            "artifacts": [
                {
                    "kind": "TYPE", 
                    "description": "PV list to be archived", 
                    "uri": null, 
                    "type": "FILE", 
                    "id": null, 
                    "name": "VACUUM_VAC-VGx_TEMPLATE_ARCHIVE.txt"
                }, 
                {
                    "kind": "TYPE", 
                    "description": "Pressure Transmitter", 
                    "uri": "https://gitlab.esss.lu.se/icshwi/ics_library_definitions", 
                    "type": "URI", 
                    "id": null, 
                    "name": "EPI"
                }
            ], 
            "nameId": "6e679d11-5356-4900-8c5c-166d31f4147c", 
            "children": null, 
            "controlledBy": [
                {
                    "nameId": "c2d020c2-3cd3-428f-bc2f-5f45e4a39a5e", 
                    "id": "79493", 
                    "name": "Spk-000CDL:Cryo-PLC-010", 
                    "label": null
                }
            ], 
            "controls": null, 
            "id": "79622", 
            "parents": [
                {
                    "nameId": null, 
                    "id": "79489", 
                    "name": "000CDL", 
                    "label": null
                }
            ], 
            "poweredBy": null, 
            "deviceType": "ICS_PT_mbar", 
            "powers": null, 
            "properties": [
                {
                    "dataType": "Strings List", 
                    "value": "null", 
                    "kind": "SLOT", 
                    "name": "EPICSModule", 
                    "unit": null
                }, 
                {
                    "dataType": "Strings List", 
                    "value": "null", 
                    "kind": "SLOT", 
                    "name": "EPICSSnippet", 
                    "unit": null
                }, 
                {
                    "dataType": "MKSChannel", 
                    "value": "null", 
                    "kind": "SLOT", 
                    "name": "MKSChannel", 
                    "unit": null
                }, 
                {
                    "dataType": "TPGChannel", 
                    "value": "null", 
                    "kind": "SLOT", 
                    "name": "TPGChannel", 
                    "unit": null
                }
            ], 
            "description": "TS return pressure"
        }, 
        "Spk-000CDL:Cryo-PT-93": {
            "slotType": "SLOT", 
            "name": "Spk-000CDL:Cryo-PT-93", 
            "artifacts": [
                {
                    "kind": "TYPE", 
                    "description": "PV list to be archived", 
                    "uri": null, 
                    "type": "FILE", 
                    "id": null, 
                    "name": "VACUUM_VAC-VGx_TEMPLATE_ARCHIVE.txt"
                }, 
                {
                    "kind": "TYPE", 
                    "description": "Pressure Transmitter", 
                    "uri": "https://gitlab.esss.lu.se/icshwi/ics_library_definitions", 
                    "type": "URI", 
                    "id": null, 
                    "name": "EPI"
                }
            ], 
            "nameId": "e2f764d8-853e-480c-8897-9afe4af036dc", 
            "children": null, 
            "controlledBy": [
                {
                    "nameId": "c2d020c2-3cd3-428f-bc2f-5f45e4a39a5e", 
                    "id": "79493", 
                    "name": "Spk-000CDL:Cryo-PLC-010", 
                    "label": null
                }
            ], 
            "controls": null, 
            "id": "79614", 
            "parents": [
                {
                    "nameId": null, 
                    "id": "79489", 
                    "name": "000CDL", 
                    "label": null
                }
            ], 
            "poweredBy": null, 
            "deviceType": "ICS_PT_mbar", 
            "powers": null, 
            "properties": [
                {
                    "dataType": "Strings List", 
                    "value": "null", 
                    "kind": "SLOT", 
                    "name": "EPICSModule", 
                    "unit": null
                }, 
                {
                    "dataType": "Strings List", 
                    "value": "null", 
                    "kind": "SLOT", 
                    "name": "EPICSSnippet", 
                    "unit": null
                }, 
                {
                    "dataType": "MKSChannel", 
                    "value": "null", 
                    "kind": "SLOT", 
                    "name": "MKSChannel", 
                    "unit": null
                }, 
                {
                    "dataType": "TPGChannel", 
                    "value": "null", 
                    "kind": "SLOT", 
                    "name": "TPGChannel", 
                    "unit": null
                }
            ], 
            "description": "TS supply pressure"
        }, 
        "Spk-000CDL:Cryo-PT-92": {
            "slotType": "SLOT", 
            "name": "Spk-000CDL:Cryo-PT-92", 
            "artifacts": [
                {
                    "kind": "TYPE", 
                    "description": "PV list to be archived", 
                    "uri": null, 
                    "type": "FILE", 
                    "id": null, 
                    "name": "VACUUM_VAC-VGx_TEMPLATE_ARCHIVE.txt"
                }, 
                {
                    "kind": "TYPE", 
                    "description": "Pressure Transmitter", 
                    "uri": "https://gitlab.esss.lu.se/icshwi/ics_library_definitions", 
                    "type": "URI", 
                    "id": null, 
                    "name": "EPI"
                }
            ], 
            "nameId": "9ed5eb20-9a03-411d-99dd-9cb172a92893", 
            "children": null, 
            "controlledBy": [
                {
                    "nameId": "c2d020c2-3cd3-428f-bc2f-5f45e4a39a5e", 
                    "id": "79493", 
                    "name": "Spk-000CDL:Cryo-PLC-010", 
                    "label": null
                }
            ], 
            "controls": null, 
            "id": "79606", 
            "parents": [
                {
                    "nameId": null, 
                    "id": "79489", 
                    "name": "000CDL", 
                    "label": null
                }
            ], 
            "poweredBy": null, 
            "deviceType": "ICS_PT_mbar", 
            "powers": null, 
            "properties": [
                {
                    "dataType": "Strings List", 
                    "value": "null", 
                    "kind": "SLOT", 
                    "name": "EPICSModule", 
                    "unit": null
                }, 
                {
                    "dataType": "Strings List", 
                    "value": "null", 
                    "kind": "SLOT", 
                    "name": "EPICSSnippet", 
                    "unit": null
                }, 
                {
                    "dataType": "MKSChannel", 
                    "value": "null", 
                    "kind": "SLOT", 
                    "name": "MKSChannel", 
                    "unit": null
                }, 
                {
                    "dataType": "TPGChannel", 
                    "value": "null", 
                    "kind": "SLOT", 
                    "name": "TPGChannel", 
                    "unit": null
                }
            ], 
            "description": "He return pressure"
        }, 
        "Spk-000CDL:Cryo-PT-91": {
            "slotType": "SLOT", 
            "name": "Spk-000CDL:Cryo-PT-91", 
            "artifacts": [
                {
                    "kind": "TYPE", 
                    "description": "PV list to be archived", 
                    "uri": null, 
                    "type": "FILE", 
                    "id": null, 
                    "name": "VACUUM_VAC-VGx_TEMPLATE_ARCHIVE.txt"
                }, 
                {
                    "kind": "TYPE", 
                    "description": "Pressure Transmitter", 
                    "uri": "https://gitlab.esss.lu.se/icshwi/ics_library_definitions", 
                    "type": "URI", 
                    "id": null, 
                    "name": "EPI"
                }
            ], 
            "nameId": "da3ca5ef-5668-4e52-82fb-b0c89bac1bc8", 
            "children": null, 
            "controlledBy": [
                {
                    "nameId": "c2d020c2-3cd3-428f-bc2f-5f45e4a39a5e", 
                    "id": "79493", 
                    "name": "Spk-000CDL:Cryo-PLC-010", 
                    "label": null
                }
            ], 
            "controls": null, 
            "id": "79598", 
            "parents": [
                {
                    "nameId": null, 
                    "id": "79489", 
                    "name": "000CDL", 
                    "label": null
                }
            ], 
            "poweredBy": null, 
            "deviceType": "ICS_PT_mbar", 
            "powers": null, 
            "properties": [
                {
                    "dataType": "Strings List", 
                    "value": "null", 
                    "kind": "SLOT", 
                    "name": "EPICSModule", 
                    "unit": null
                }, 
                {
                    "dataType": "Strings List", 
                    "value": "null", 
                    "kind": "SLOT", 
                    "name": "EPICSSnippet", 
                    "unit": null
                }, 
                {
                    "dataType": "MKSChannel", 
                    "value": "null", 
                    "kind": "SLOT", 
                    "name": "MKSChannel", 
                    "unit": null
                }, 
                {
                    "dataType": "TPGChannel", 
                    "value": "null", 
                    "kind": "SLOT", 
                    "name": "TPGChannel", 
                    "unit": null
                }
            ], 
            "description": "He supply pressure"
        }, 
        "Spk-000CDL:Vac-VGC-071": {
            "slotType": "SLOT", 
            "name": "Spk-000CDL:Vac-VGC-071", 
            "artifacts": [
                {
                    "kind": "TYPE", 
                    "description": "PV list to be archived", 
                    "uri": null, 
                    "type": "FILE", 
                    "id": null, 
                    "name": "VACUUM_VAC-VGx_TEMPLATE_ARCHIVE.txt"
                }, 
                {
                    "kind": "TYPE", 
                    "description": "Pressure Transmitter", 
                    "uri": "https://gitlab.esss.lu.se/icshwi/ics_library_definitions", 
                    "type": "URI", 
                    "id": null, 
                    "name": "EPI"
                }
            ], 
            "nameId": "665cd436-ce50-4086-b690-a4d181e100c2", 
            "children": null, 
            "controlledBy": [
                {
                    "nameId": "c2d020c2-3cd3-428f-bc2f-5f45e4a39a5e", 
                    "id": "79493", 
                    "name": "Spk-000CDL:Cryo-PLC-010", 
                    "label": null
                }
            ], 
            "controls": null, 
            "id": "79590", 
            "parents": [
                {
                    "nameId": null, 
                    "id": "79489", 
                    "name": "000CDL", 
                    "label": null
                }
            ], 
            "poweredBy": null, 
            "deviceType": "ICS_PT_mbar", 
            "powers": null, 
            "properties": [
                {
                    "dataType": "Strings List", 
                    "value": "null", 
                    "kind": "SLOT", 
                    "name": "EPICSModule", 
                    "unit": null
                }, 
                {
                    "dataType": "Strings List", 
                    "value": "null", 
                    "kind": "SLOT", 
                    "name": "EPICSSnippet", 
                    "unit": null
                }, 
                {
                    "dataType": "MKSChannel", 
                    "value": "null", 
                    "kind": "SLOT", 
                    "name": "MKSChannel", 
                    "unit": null
                }, 
                {
                    "dataType": "TPGChannel", 
                    "value": "null", 
                    "kind": "SLOT", 
                    "name": "TPGChannel", 
                    "unit": null
                }
            ], 
            "description": "Cold Cathode PT71"
        }, 
        "Spk-000CDL:Vac-VGP-070": {
            "slotType": "SLOT", 
            "name": "Spk-000CDL:Vac-VGP-070", 
            "artifacts": [
                {
                    "kind": "TYPE", 
                    "description": "PV list to be archived", 
                    "uri": null, 
                    "type": "FILE", 
                    "id": null, 
                    "name": "VACUUM_VAC-VGx_TEMPLATE_ARCHIVE.txt"
                }, 
                {
                    "kind": "TYPE", 
                    "description": "Pressure Transmitter", 
                    "uri": "https://gitlab.esss.lu.se/icshwi/ics_library_definitions", 
                    "type": "URI", 
                    "id": null, 
                    "name": "EPI"
                }
            ], 
            "nameId": "abd74958-5b4c-4f3a-bead-cabde97a5ea2", 
            "children": null, 
            "controlledBy": [
                {
                    "nameId": "c2d020c2-3cd3-428f-bc2f-5f45e4a39a5e", 
                    "id": "79493", 
                    "name": "Spk-000CDL:Cryo-PLC-010", 
                    "label": null
                }
            ], 
            "controls": null, 
            "id": "79582", 
            "parents": [
                {
                    "nameId": null, 
                    "id": "79489", 
                    "name": "000CDL", 
                    "label": null
                }
            ], 
            "poweredBy": null, 
            "deviceType": "ICS_PT_mbar", 
            "powers": null, 
            "properties": [
                {
                    "dataType": "Strings List", 
                    "value": "null", 
                    "kind": "SLOT", 
                    "name": "EPICSModule", 
                    "unit": null
                }, 
                {
                    "dataType": "Strings List", 
                    "value": "null", 
                    "kind": "SLOT", 
                    "name": "EPICSSnippet", 
                    "unit": null
                }, 
                {
                    "dataType": "MKSChannel", 
                    "value": "null", 
                    "kind": "SLOT", 
                    "name": "MKSChannel", 
                    "unit": null
                }, 
                {
                    "dataType": "TPGChannel", 
                    "value": "null", 
                    "kind": "SLOT", 
                    "name": "TPGChannel", 
                    "unit": null
                }
            ], 
            "description": "Expansion tank vacuum pressure"
        }, 
        "Spk-000CDL:Cryo-LT-92": {
            "slotType": "SLOT", 
            "name": "Spk-000CDL:Cryo-LT-92", 
            "artifacts": [
                {
                    "kind": "TYPE", 
                    "description": "ICS Level Transmitter", 
                    "uri": "https://gitlab.esss.lu.se/icshwi/ics_library_definitions", 
                    "type": "URI", 
                    "id": null, 
                    "name": "EPI"
                }
            ], 
            "nameId": "1cd3d0b0-5d21-4f5e-9eda-8f301244028f", 
            "children": null, 
            "controlledBy": [
                {
                    "nameId": "c2d020c2-3cd3-428f-bc2f-5f45e4a39a5e", 
                    "id": "79493", 
                    "name": "Spk-000CDL:Cryo-PLC-010", 
                    "label": null
                }
            ], 
            "controls": null, 
            "id": "79578", 
            "parents": [
                {
                    "nameId": null, 
                    "id": "79489", 
                    "name": "000CDL", 
                    "label": null
                }
            ], 
            "poweredBy": null, 
            "deviceType": "ICS_LT", 
            "powers": null, 
            "properties": [
                {
                    "dataType": "String", 
                    "value": "null", 
                    "kind": "SLOT", 
                    "name": "EGU", 
                    "unit": null
                }, 
                {
                    "dataType": "Strings List", 
                    "value": "null", 
                    "kind": "SLOT", 
                    "name": "EPICSModule", 
                    "unit": null
                }, 
                {
                    "dataType": "Strings List", 
                    "value": "null", 
                    "kind": "SLOT", 
                    "name": "EPICSSnippet", 
                    "unit": null
                }, 
                {
                    "dataType": "String", 
                    "value": "", 
                    "kind": "SLOT", 
                    "name": "ControllerDevice", 
                    "unit": null
                }
            ], 
            "description": "Expansion tank level low"
        }, 
        "Spk-000CDL:Cryo-LT-91": {
            "slotType": "SLOT", 
            "name": "Spk-000CDL:Cryo-LT-91", 
            "artifacts": [
                {
                    "kind": "TYPE", 
                    "description": "ICS Level Transmitter", 
                    "uri": "https://gitlab.esss.lu.se/icshwi/ics_library_definitions", 
                    "type": "URI", 
                    "id": null, 
                    "name": "EPI"
                }
            ], 
            "nameId": "4d882b09-6089-4988-84f3-36a3bea90b55", 
            "children": null, 
            "controlledBy": [
                {
                    "nameId": "c2d020c2-3cd3-428f-bc2f-5f45e4a39a5e", 
                    "id": "79493", 
                    "name": "Spk-000CDL:Cryo-PLC-010", 
                    "label": null
                }
            ], 
            "controls": null, 
            "id": "79574", 
            "parents": [
                {
                    "nameId": null, 
                    "id": "79489", 
                    "name": "000CDL", 
                    "label": null
                }
            ], 
            "poweredBy": null, 
            "deviceType": "ICS_LT", 
            "powers": null, 
            "properties": [
                {
                    "dataType": "String", 
                    "value": "null", 
                    "kind": "SLOT", 
                    "name": "EGU", 
                    "unit": null
                }, 
                {
                    "dataType": "Strings List", 
                    "value": "null", 
                    "kind": "SLOT", 
                    "name": "EPICSModule", 
                    "unit": null
                }, 
                {
                    "dataType": "Strings List", 
                    "value": "null", 
                    "kind": "SLOT", 
                    "name": "EPICSSnippet", 
                    "unit": null
                }, 
                {
                    "dataType": "String", 
                    "value": "", 
                    "kind": "SLOT", 
                    "name": "ControllerDevice", 
                    "unit": null
                }
            ], 
            "description": "Expansion tank level high"
        }, 
        "Spk-000CDL:Cryo-HV-73": {
            "slotType": "SLOT", 
            "name": "Spk-000CDL:Cryo-HV-73", 
            "artifacts": [
                {
                    "kind": "TYPE", 
                    "description": "ICS Hand Valve", 
                    "uri": "https://gitlab.esss.lu.se/icshwi/ics_library_definitions", 
                    "type": "URI", 
                    "id": null, 
                    "name": "EPI"
                }
            ], 
            "nameId": "7226030a-d26a-4a26-b3bd-dfef3a4898ab", 
            "children": null, 
            "controlledBy": [
                {
                    "nameId": "c2d020c2-3cd3-428f-bc2f-5f45e4a39a5e", 
                    "id": "79493", 
                    "name": "Spk-000CDL:Cryo-PLC-010", 
                    "label": null
                }
            ], 
            "controls": null, 
            "id": "79570", 
            "parents": [
                {
                    "nameId": null, 
                    "id": "79489", 
                    "name": "000CDL", 
                    "label": null
                }
            ], 
            "poweredBy": null, 
            "deviceType": "ICS_HV", 
            "powers": null, 
            "properties": [], 
            "description": "Vacuum control port HV"
        }, 
        "Spk-000CDL:Cryo-HV-70": {
            "slotType": "SLOT", 
            "name": "Spk-000CDL:Cryo-HV-70", 
            "artifacts": [
                {
                    "kind": "TYPE", 
                    "description": "ICS Hand Valve", 
                    "uri": "https://gitlab.esss.lu.se/icshwi/ics_library_definitions", 
                    "type": "URI", 
                    "id": null, 
                    "name": "EPI"
                }
            ], 
            "nameId": "04f9257e-4a85-45e4-ad9f-0c6f4651dacf", 
            "children": null, 
            "controlledBy": [
                {
                    "nameId": "c2d020c2-3cd3-428f-bc2f-5f45e4a39a5e", 
                    "id": "79493", 
                    "name": "Spk-000CDL:Cryo-PLC-010", 
                    "label": null
                }
            ], 
            "controls": null, 
            "id": "79566", 
            "parents": [
                {
                    "nameId": null, 
                    "id": "79489", 
                    "name": "000CDL", 
                    "label": null
                }
            ], 
            "poweredBy": null, 
            "deviceType": "ICS_HV", 
            "powers": null, 
            "properties": [], 
            "description": "Expansion tank vacuum HV"
        }, 
        "Spk-000CDL:Cryo-EH-96": {
            "slotType": "SLOT", 
            "name": "Spk-000CDL:Cryo-EH-96", 
            "artifacts": [
                {
                    "kind": "TYPE", 
                    "description": "ICS Electrical Heater", 
                    "uri": "https://gitlab.esss.lu.se/icshwi/ics_library_definitions", 
                    "type": "URI", 
                    "id": null, 
                    "name": "EPI"
                }
            ], 
            "nameId": "b9ec2c5e-1f39-4b5a-bb9e-d62e1604f47b", 
            "children": null, 
            "controlledBy": [
                {
                    "nameId": "c2d020c2-3cd3-428f-bc2f-5f45e4a39a5e", 
                    "id": "79493", 
                    "name": "Spk-000CDL:Cryo-PLC-010", 
                    "label": null
                }
            ], 
            "controls": null, 
            "id": "79562", 
            "parents": [
                {
                    "nameId": null, 
                    "id": "79489", 
                    "name": "000CDL", 
                    "label": null
                }
            ], 
            "poweredBy": null, 
            "deviceType": "ICS_EH", 
            "powers": null, 
            "properties": [], 
            "description": "Expansion tank heater"
        }, 
        "Spk-000CDL:Cryo-EH-95": {
            "slotType": "SLOT", 
            "name": "Spk-000CDL:Cryo-EH-95", 
            "artifacts": [
                {
                    "kind": "TYPE", 
                    "description": "ICS Electrical Heater", 
                    "uri": "https://gitlab.esss.lu.se/icshwi/ics_library_definitions", 
                    "type": "URI", 
                    "id": null, 
                    "name": "EPI"
                }
            ], 
            "nameId": "c9b9cf7a-55c2-47b0-a08a-9ecaaa7a4304", 
            "children": null, 
            "controlledBy": [
                {
                    "nameId": "c2d020c2-3cd3-428f-bc2f-5f45e4a39a5e", 
                    "id": "79493", 
                    "name": "Spk-000CDL:Cryo-PLC-010", 
                    "label": null
                }
            ], 
            "controls": null, 
            "id": "79558", 
            "parents": [
                {
                    "nameId": null, 
                    "id": "79489", 
                    "name": "000CDL", 
                    "label": null
                }
            ], 
            "poweredBy": null, 
            "deviceType": "ICS_EH", 
            "powers": null, 
            "properties": [], 
            "description": "Expansion tank heater"
        }, 
        "Spk-000CDL:Cryo-EH-94": {
            "slotType": "SLOT", 
            "name": "Spk-000CDL:Cryo-EH-94", 
            "artifacts": [
                {
                    "kind": "TYPE", 
                    "description": "ICS Electrical Heater", 
                    "uri": "https://gitlab.esss.lu.se/icshwi/ics_library_definitions", 
                    "type": "URI", 
                    "id": null, 
                    "name": "EPI"
                }
            ], 
            "nameId": "2e43b397-ce98-4ce0-9687-21e53a0723a7", 
            "children": null, 
            "controlledBy": [
                {
                    "nameId": "c2d020c2-3cd3-428f-bc2f-5f45e4a39a5e", 
                    "id": "79493", 
                    "name": "Spk-000CDL:Cryo-PLC-010", 
                    "label": null
                }
            ], 
            "controls": null, 
            "id": "79554", 
            "parents": [
                {
                    "nameId": null, 
                    "id": "79489", 
                    "name": "000CDL", 
                    "label": null
                }
            ], 
            "poweredBy": null, 
            "deviceType": "ICS_EH", 
            "powers": null, 
            "properties": [], 
            "description": "Expansion tank heater"
        }, 
        "Spk-000CDL:Cryo-EH-93": {
            "slotType": "SLOT", 
            "name": "Spk-000CDL:Cryo-EH-93", 
            "artifacts": [
                {
                    "kind": "TYPE", 
                    "description": "ICS Electrical Heater", 
                    "uri": "https://gitlab.esss.lu.se/icshwi/ics_library_definitions", 
                    "type": "URI", 
                    "id": null, 
                    "name": "EPI"
                }
            ], 
            "nameId": "b4c0eb66-6273-4199-8ab3-3ec521c40847", 
            "children": null, 
            "controlledBy": [
                {
                    "nameId": "c2d020c2-3cd3-428f-bc2f-5f45e4a39a5e", 
                    "id": "79493", 
                    "name": "Spk-000CDL:Cryo-PLC-010", 
                    "label": null
                }
            ], 
            "controls": null, 
            "id": "79550", 
            "parents": [
                {
                    "nameId": null, 
                    "id": "79489", 
                    "name": "000CDL", 
                    "label": null
                }
            ], 
            "poweredBy": null, 
            "deviceType": "ICS_EH", 
            "powers": null, 
            "properties": [], 
            "description": "Expansion tank heater"
        }, 
        "Spk-000CDL:Cryo-EH-92": {
            "slotType": "SLOT", 
            "name": "Spk-000CDL:Cryo-EH-92", 
            "artifacts": [
                {
                    "kind": "TYPE", 
                    "description": "ICS Electrical Heater", 
                    "uri": "https://gitlab.esss.lu.se/icshwi/ics_library_definitions", 
                    "type": "URI", 
                    "id": null, 
                    "name": "EPI"
                }
            ], 
            "nameId": "dd77289b-992d-4f92-8a29-a71281d1908d", 
            "children": null, 
            "controlledBy": [
                {
                    "nameId": "c2d020c2-3cd3-428f-bc2f-5f45e4a39a5e", 
                    "id": "79493", 
                    "name": "Spk-000CDL:Cryo-PLC-010", 
                    "label": null
                }
            ], 
            "controls": null, 
            "id": "79546", 
            "parents": [
                {
                    "nameId": null, 
                    "id": "79489", 
                    "name": "000CDL", 
                    "label": null
                }
            ], 
            "poweredBy": null, 
            "deviceType": "ICS_EH", 
            "powers": null, 
            "properties": [], 
            "description": "Expansion tank heater"
        }, 
        "Spk-000CDL:Cryo-EH-91": {
            "slotType": "SLOT", 
            "name": "Spk-000CDL:Cryo-EH-91", 
            "artifacts": [
                {
                    "kind": "TYPE", 
                    "description": "ICS Electrical Heater", 
                    "uri": "https://gitlab.esss.lu.se/icshwi/ics_library_definitions", 
                    "type": "URI", 
                    "id": null, 
                    "name": "EPI"
                }
            ], 
            "nameId": "4d708579-0c7e-4a2f-b47c-b53eed697747", 
            "children": null, 
            "controlledBy": [
                {
                    "nameId": "c2d020c2-3cd3-428f-bc2f-5f45e4a39a5e", 
                    "id": "79493", 
                    "name": "Spk-000CDL:Cryo-PLC-010", 
                    "label": null
                }
            ], 
            "controls": null, 
            "id": "79542", 
            "parents": [
                {
                    "nameId": null, 
                    "id": "79489", 
                    "name": "000CDL", 
                    "label": null
                }
            ], 
            "poweredBy": null, 
            "deviceType": "ICS_EH", 
            "powers": null, 
            "properties": [], 
            "description": "Expansion tank heater"
        }, 
        "Spk-000CDL:Cryo-CV-94": {
            "slotType": "SLOT", 
            "name": "Spk-000CDL:Cryo-CV-94", 
            "artifacts": [
                {
                    "kind": "TYPE", 
                    "description": "ICS Profibus PA Sipart ", 
                    "uri": "https://gitlab.esss.lu.se/icshwi/ics_library_definitions", 
                    "type": "URI", 
                    "id": null, 
                    "name": "EPI"
                }
            ], 
            "nameId": "b32279b0-8a4a-4b4e-b051-5f5083dee584", 
            "children": null, 
            "controlledBy": [
                {
                    "nameId": "c2d020c2-3cd3-428f-bc2f-5f45e4a39a5e", 
                    "id": "79493", 
                    "name": "Spk-000CDL:Cryo-PLC-010", 
                    "label": null
                }
            ], 
            "controls": null, 
            "id": "79538", 
            "parents": [
                {
                    "nameId": null, 
                    "id": "79489", 
                    "name": "000CDL", 
                    "label": null
                }
            ], 
            "poweredBy": null, 
            "deviceType": "ICS_CV_PB_SIPART", 
            "powers": null, 
            "properties": [], 
            "description": "TS supply CV"
        }, 
        "Spk-000CDL:Cryo-CV-93": {
            "slotType": "SLOT", 
            "name": "Spk-000CDL:Cryo-CV-93", 
            "artifacts": [
                {
                    "kind": "TYPE", 
                    "description": "ICS Profibus PA Sipart ", 
                    "uri": "https://gitlab.esss.lu.se/icshwi/ics_library_definitions", 
                    "type": "URI", 
                    "id": null, 
                    "name": "EPI"
                }
            ], 
            "nameId": "f035d855-198f-4483-8de4-0f4bc5e05b7a", 
            "children": null, 
            "controlledBy": [
                {
                    "nameId": "c2d020c2-3cd3-428f-bc2f-5f45e4a39a5e", 
                    "id": "79493", 
                    "name": "Spk-000CDL:Cryo-PLC-010", 
                    "label": null
                }
            ], 
            "controls": null, 
            "id": "79534", 
            "parents": [
                {
                    "nameId": null, 
                    "id": "79489", 
                    "name": "000CDL", 
                    "label": null
                }
            ], 
            "poweredBy": null, 
            "deviceType": "ICS_CV_PB_SIPART", 
            "powers": null, 
            "properties": [], 
            "description": "He supply CV low"
        }, 
        "Spk-000CDL:Cryo-CV-92": {
            "slotType": "SLOT", 
            "name": "Spk-000CDL:Cryo-CV-92", 
            "artifacts": [
                {
                    "kind": "TYPE", 
                    "description": "ICS Profibus PA Sipart ", 
                    "uri": "https://gitlab.esss.lu.se/icshwi/ics_library_definitions", 
                    "type": "URI", 
                    "id": null, 
                    "name": "EPI"
                }
            ], 
            "nameId": "758f419f-fc68-4ca5-873c-2537bdb69017", 
            "children": null, 
            "controlledBy": [
                {
                    "nameId": "c2d020c2-3cd3-428f-bc2f-5f45e4a39a5e", 
                    "id": "79493", 
                    "name": "Spk-000CDL:Cryo-PLC-010", 
                    "label": null
                }
            ], 
            "controls": null, 
            "id": "79530", 
            "parents": [
                {
                    "nameId": null, 
                    "id": "79489", 
                    "name": "000CDL", 
                    "label": null
                }
            ], 
            "poweredBy": null, 
            "deviceType": "ICS_CV_PB_SIPART", 
            "powers": null, 
            "properties": [], 
            "description": "He supply CV high"
        }, 
        "Spk-000CDL:Cryo-CV-91": {
            "slotType": "SLOT", 
            "name": "Spk-000CDL:Cryo-CV-91", 
            "artifacts": [
                {
                    "kind": "TYPE", 
                    "description": "ICS Profibus PA Sipart ", 
                    "uri": "https://gitlab.esss.lu.se/icshwi/ics_library_definitions", 
                    "type": "URI", 
                    "id": null, 
                    "name": "EPI"
                }
            ], 
            "nameId": "735a84c9-984a-4e6c-b46a-24f3d884d937", 
            "children": null, 
            "controlledBy": [
                {
                    "nameId": "c2d020c2-3cd3-428f-bc2f-5f45e4a39a5e", 
                    "id": "79493", 
                    "name": "Spk-000CDL:Cryo-PLC-010", 
                    "label": null
                }
            ], 
            "controls": null, 
            "id": "79526", 
            "parents": [
                {
                    "nameId": null, 
                    "id": "79489", 
                    "name": "000CDL", 
                    "label": null
                }
            ], 
            "poweredBy": null, 
            "deviceType": "ICS_CV_PB_SIPART", 
            "powers": null, 
            "properties": [], 
            "description": "He supply CV high"
        }, 
        "Spk-000CDL:SC-IOC-010": {
            "slotType": "SLOT", 
            "name": "Spk-000CDL:SC-IOC-010", 
            "artifacts": [
                {
                    "kind": "SLOT", 
                    "description": "Created manually", 
                    "uri": "https://gitlab.esss.lu.se/iocs/spk/cdl/spk-000cdl_sc-ioc-010", 
                    "type": "URI", 
                    "id": null, 
                    "name": "IOC_REPOSITORY"
                }
            ], 
            "nameId": "9aa08021-543a-4e53-b732-781e86ab1f79", 
            "children": null, 
            "controlledBy": null, 
            "controls": [
                {
                    "nameId": "c2d020c2-3cd3-428f-bc2f-5f45e4a39a5e", 
                    "id": "79493", 
                    "name": "Spk-000CDL:Cryo-PLC-010", 
                    "label": null
                }
            ], 
            "id": "79517", 
            "parents": [
                {
                    "nameId": null, 
                    "id": "79489", 
                    "name": "000CDL", 
                    "label": null
                }
            ], 
            "poweredBy": null, 
            "deviceType": "IOC", 
            "powers": null, 
            "properties": [
                {
                    "dataType": "Strings List", 
                    "value": "null", 
                    "kind": "SLOT", 
                    "name": "EPICSModule", 
                    "unit": null
                }, 
                {
                    "dataType": "Strings List", 
                    "value": "null", 
                    "kind": "SLOT", 
                    "name": "EPICSSnippet", 
                    "unit": null
                }, 
                {
                    "dataType": "String", 
                    "value": "7.0.5", 
                    "kind": "SLOT", 
                    "name": "EPICSVersion", 
                    "unit": null
                }, 
                {
                    "dataType": "String", 
                    "value": "3.4.1", 
                    "kind": "SLOT", 
                    "name": "E3RequireVersion", 
                    "unit": null
                }, 
                {
                    "dataType": "CSEntryHost", 
                    "value": "null", 
                    "kind": "SLOT", 
                    "name": "Hostname", 
                    "unit": null
                }
            ], 
            "description": "IOC"
        }
    }
}